2024-09-06 12:58,SUPER EARTH,169,Humans
2024-09-06 12:58,KLEN DAHTH II,0,Humans
2024-09-06 12:58,PATHFINDER V,0,Humans
2024-09-06 12:58,WIDOW'S HARBOR,0,Humans
2024-09-06 12:58,NEW HAVEN,0,Humans
2024-09-06 12:58,PILEN V,0,Humans
2024-09-06 12:58,HYDROFALL PRIME,0,Humans
2024-09-06 12:58,ZEA RUGOSIA,0,Humans
2024-09-06 12:58,DARROWSPORT,0,Humans
2024-09-06 12:58,FORNSKOGUR II,0,Humans
2024-09-06 12:58,MIDASBURG,0,Humans
2024-09-06 12:58,CERBERUS IIIc,0,Humans
2024-09-06 12:58,PROSPERITY FALLS,0,Humans
2024-09-06 12:58,OKUL VI,0,Humans
2024-09-06 12:58,MARTYR'S BAY,0,Humans
2024-09-06 12:58,FREEDOM PEAK,0,Humans
2024-09-06 12:58,FORT UNION,0,Humans
2024-09-06 12:58,KELVINOR,0,Humans
2024-09-06 12:58,WRAITH,0,Humans
2024-09-06 12:58,IGLA,0,Humans
2024-09-06 12:58,NEW KIRUNA,0,Humans
2024-09-06 12:58,FORT JUSTICE,0,Humans
2024-09-06 12:58,ZEGEMA PARADISE,0,Humans
2024-09-06 12:58,PROVIDENCE,0,Humans
2024-09-06 12:58,PRIMORDIA,0,Humans
2024-09-06 12:58,SULFURA,0,Humans
2024-09-06 12:58,NUBLARIA I,0,Humans
2024-09-06 12:58,KRAKATWO,0,Humans
2024-09-06 12:58,VOLTERRA,0,Humans
2024-09-06 12:58,CRUCIBLE,0,Humans
2024-09-06 12:58,VEIL,0,Humans
2024-09-06 12:58,MARRE IV,0,Humans
2024-09-06 12:58,FORT SANCTUARY,0,Humans
2024-09-06 12:58,SEYSHEL BEACH,0,Humans
2024-09-06 12:58,HELLMIRE,8,Terminids
2024-09-06 12:58,EFFLUVIA,0,Humans
2024-09-06 12:58,SOLGHAST,0,Humans
2024-09-06 12:58,DILUVIA,0,Humans
2024-09-06 12:58,VIRIDIA PRIME,0,Humans
2024-09-06 12:58,OBARI,0,Humans
2024-09-06 12:58,MYRADESH,0,Humans
2024-09-06 12:58,ATRAMA,0,Humans
2024-09-06 12:58,EMERIA,0,Humans
2024-09-06 12:58,BARABOS,0,Humans
2024-09-06 12:58,FENMIRE,0,Humans
2024-09-06 12:58,MASTIA,1174,Automaton
2024-09-06 12:58,SHALLUS,0,Humans
2024-09-06 12:58,KRAKABOS,0,Humans
2024-09-06 12:58,IRIDICA,0,Humans
2024-09-06 12:58,AZTERRA,0,Humans
2024-09-06 12:58,AZUR SECUNDUS,0,Terminids
2024-09-06 12:58,IVIS,0,Humans
2024-09-06 12:58,SLIF,0,Humans
2024-09-06 12:58,CARAMOOR,0,Humans
2024-09-06 12:58,KHARST,0,Humans
2024-09-06 12:58,EUKORIA,0,Humans
2024-09-06 12:58,MYRIUM,0,Humans
2024-09-06 12:58,KERTH SECUNDUS,0,Humans
2024-09-06 12:58,PARSH,0,Humans
2024-09-06 12:58,REAF,0,Humans
2024-09-06 12:58,IRULTA,0,Humans
2024-09-06 12:58,EMORATH,0,Humans
2024-09-06 12:58,ILDUNA PRIME,0,Humans
2024-09-06 12:58,MAW,0,Humans
2024-09-06 12:58,MERIDIA,43,Humans
2024-09-06 12:58,BOREA,0,Humans
2024-09-06 12:58,CURIA,20,Humans
2024-09-06 12:58,TARSH,575,Automaton
2024-09-06 12:58,SHELT,9460,Humans
2024-09-06 12:58,IMBER,0,Humans
2024-09-06 12:58,BLISTICA,0,Humans
2024-09-06 12:58,RATCH,0,Humans
2024-09-06 12:58,JULHEIM,0,Humans
2024-09-06 12:58,VALGAARD,0,Humans
2024-09-06 12:58,ARKTURUS,0,Humans
2024-09-06 12:58,ESKER,14,Humans
2024-09-06 12:58,TERREK,0,Humans
2024-09-06 12:58,CIRRUS,0,Humans
2024-09-06 12:58,CRIMSICA,26,Humans
2024-09-06 12:58,HEETH,2,Humans
2024-09-06 12:58,VELD,0,Humans
2024-09-06 12:58,ALTA V,0,Humans
2024-09-06 12:58,URSICA XI,0,Humans
2024-09-06 12:58,INARI,0,Humans
2024-09-06 12:58,SKAASH,0,Humans
2024-09-06 12:58,MORADESH,0,Humans
2024-09-06 12:58,RASP,0,Humans
2024-09-06 12:58,BASHYR,0,Humans
2024-09-06 12:58,REGNUS,0,Humans
2024-09-06 12:58,MOG,0,Humans
2024-09-06 12:58,VALMOX,0,Humans
2024-09-06 12:58,IRO,0,Humans
2024-09-06 12:58,GRAFMERE,0,Humans
2024-09-06 12:58,NEW STOCKHOLM,0,Humans
2024-09-06 12:58,OASIS,0,Humans
2024-09-06 12:58,GENESIS PRIME,0,Humans
2024-09-06 12:58,OUTPOST 32,0,Humans
2024-09-06 12:58,CALYPSO,0,Humans
2024-09-06 12:58,ELYSIAN MEADOWS,0,Humans
2024-09-06 12:58,ALDERIDGE COVE,0,Humans
2024-09-06 12:58,TRANDOR,2116,Terminids
2024-09-06 12:58,EAST IRIDIUM TRADING BAY,0,Humans
2024-09-06 12:58,LIBERTY RIDGE,0,Humans
2024-09-06 12:58,BALDRICK PRIME,0,Humans
2024-09-06 12:58,THE WEIR,0,Humans
2024-09-06 12:58,KUPER,0,Humans
2024-09-06 12:58,OSLO STATION,0,Humans
2024-09-06 12:58,PÖPLI IX,0,Humans
2024-09-06 12:58,GUNVALD,0,Humans
2024-09-06 12:58,DOLPH,0,Humans
2024-09-06 12:58,BEKVAM III,0,Humans
2024-09-06 12:58,DUMA TYR,0,Humans
2024-09-06 12:58,VERNEN WELLS,25,Humans
2024-09-06 12:58,AESIR PASS,35,Humans
2024-09-06 12:58,AURORA BAY,0,Automaton
2024-09-06 12:58,PENTA,0,Automaton
2024-09-06 12:58,GAELLIVARE,2072,Humans
2024-09-06 12:58,VOG-SOJOTH,0,Humans
2024-09-06 12:58,KIRRIK,0,Humans
2024-09-06 12:58,MORTAX PRIME,0,Humans
2024-09-06 12:58,WILFORD STATION,0,Humans
2024-09-06 12:58,PIONEER II,0,Humans
2024-09-06 12:58,ERSON SANDS,21,Terminids
2024-09-06 12:58,SOCORRO III,3,Humans
2024-09-06 12:58,BORE ROCK,2,Humans
2024-09-06 12:58,FENRIR III,39,Humans
2024-09-06 12:58,TURING,2,Humans
2024-09-06 12:58,ANGEL'S VENTURE,5,Humans
2024-09-06 12:58,DARIUS II,0,Humans
2024-09-06 12:58,ACAMAR IV,17,Humans
2024-09-06 12:58,ACHERNAR SECUNDUS,0,Humans
2024-09-06 12:58,ACHIRD III,0,Humans
2024-09-06 12:58,ACRAB XI,0,Humans
2024-09-06 12:58,ACRUX IX,0,Humans
2024-09-06 12:58,ACUBENS PRIME,0,Humans
2024-09-06 12:58,ADHARA,0,Humans
2024-09-06 12:58,AFOYAY BAY,0,Humans
2024-09-06 12:58,AIN-5,0,Humans
2024-09-06 12:58,ALAIRT III,0,Humans
2024-09-06 12:58,ALAMAK VII,0,Humans
2024-09-06 12:58,ALARAPH,0,Humans
2024-09-06 12:58,ALATHFAR XI,0,Humans
2024-09-06 12:58,ANDAR,0,Humans
2024-09-06 12:58,ASPEROTH PRIME,0,Humans
2024-09-06 12:58,BELLATRIX,0,Humans
2024-09-06 12:58,BOTEIN,0,Humans
2024-09-06 12:58,OSUPSAM,0,Humans
2024-09-06 12:58,BRINK-2,0,Humans
2024-09-06 12:58,BUNDA SECUNDUS,0,Humans
2024-09-06 12:58,CANOPUS,0,Humans
2024-09-06 12:58,CAPH,0,Humans
2024-09-06 12:58,CASTOR,0,Humans
2024-09-06 12:58,DURGEN,1,Humans
2024-09-06 12:58,DRAUPNIR,1,Humans
2024-09-06 12:58,MORT,1,Humans
2024-09-06 12:58,INGMAR,2,Humans
2024-09-06 12:58,CHARBAL-VII,4,Humans
2024-09-06 12:58,CHARON PRIME,0,Humans
2024-09-06 12:58,CHOEPESSA IV,1,Humans
2024-09-06 12:58,CHOOHE,72,Automaton
2024-09-06 12:58,CHORT BAY,0,Automaton
2024-09-06 12:58,CLAORELL,0,Humans
2024-09-06 12:58,CLASA,0,Humans
2024-09-06 12:58,DEMIURG,0,Humans
2024-09-06 12:58,DENEB SECUNDUS,0,Humans
2024-09-06 12:58,ELECTRA BAY,0,Humans
2024-09-06 12:58,ENULIALE,0,Terminids
2024-09-06 12:58,EPSILON PHOENCIS VI,0,Terminids
2024-09-06 12:58,ERATA PRIME,8,Humans
2024-09-06 12:58,ESTANU,10,Humans
2024-09-06 12:58,FORI PRIME,9,Terminids
2024-09-06 12:58,GACRUX,1693,Terminids
2024-09-06 12:58,GAR HAREN,0,Humans
2024-09-06 12:58,GATRIA,170,Humans
2024-09-06 12:58,GEMMA,0,Humans
2024-09-06 12:58,GRAND ERRANT,0,Humans
2024-09-06 12:58,HADAR,0,Humans
2024-09-06 12:58,HAKA,0,Humans
2024-09-06 12:58,HALDUS,0,Humans
2024-09-06 12:58,HALIES PORT,0,Humans
2024-09-06 12:58,HERTHON SECUNDUS,0,Humans
2024-09-06 12:58,HESOE PRIME,0,Humans
2024-09-06 12:58,HEZE BAY,0,Humans
2024-09-06 12:58,HORT,0,Humans
2024-09-06 12:58,HYDROBIUS,0,Humans
2024-09-06 12:58,KARLIA,0,Humans
2024-09-06 12:58,KEID,0,Humans
2024-09-06 12:58,KHANDARK,0,Humans
2024-09-06 12:58,KLAKA 5,0,Humans
2024-09-06 12:58,KNETH PORT,0,Humans
2024-09-06 12:58,KRAZ,0,Humans
2024-09-06 12:58,KUMA,0,Humans
2024-09-06 12:58,LASTOFE,0,Humans
2024-09-06 12:58,LENG SECUNDUS,0,Humans
2024-09-06 12:58,LESATH,334,Automaton
2024-09-06 12:58,MAIA,0,Humans
2024-09-06 12:58,MALEVELON CREEK,0,Humans
2024-09-06 12:58,MANTES,1,Humans
2024-09-06 12:58,MARFARK,3,Humans
2024-09-06 12:58,MARTALE,0,Humans
2024-09-06 12:58,MATAR BAY,4,Humans
2024-09-06 12:58,MEISSA,0,Humans
2024-09-06 12:58,MEKBUDA,0,Automaton
2024-09-06 12:58,MENKENT,127,Automaton
2024-09-06 12:58,MERAK,0,Automaton
2024-09-06 12:58,MERGA IV,0,Automaton
2024-09-06 12:58,MINCHIR,0,Humans
2024-09-06 12:58,MINTORIA,0,Humans
2024-09-06 12:58,MORDIA 9,0,Humans
2024-09-06 12:58,NABATEA SECUNDUS,0,Terminids
2024-09-06 12:58,NAVI VII,0,Terminids
2024-09-06 12:58,NIVEL 43,11,Terminids
2024-09-06 12:58,OSHAUNE,4,Terminids
2024-09-06 12:58,OVERGOE PRIME,0,Terminids
2024-09-06 12:58,PANDION-XXIV,4728,Terminids
2024-09-06 12:58,PARTION,671,Terminids
2024-09-06 12:58,PEACOCK,0,Terminids
2024-09-06 12:58,PHACT BAY,544,Humans
2024-09-06 12:58,PHERKAD SECUNDUS,0,Humans
2024-09-06 12:58,POLARIS PRIME,0,Humans
2024-09-06 12:58,POLLUX 31,0,Humans
2024-09-06 12:58,PRASA,0,Humans
2024-09-06 12:58,PROPUS,0,Humans
2024-09-06 12:58,RAS ALGETHI,0,Humans
2024-09-06 12:58,RD-4,0,Humans
2024-09-06 12:58,ROGUE 5,0,Humans
2024-09-06 12:58,RIRGA BAY,0,Humans
2024-09-06 12:58,SEASSE,0,Humans
2024-09-06 12:58,SENGE 23,0,Humans
2024-09-06 12:58,SETIA,0,Humans
2024-09-06 12:58,SHETE,0,Humans
2024-09-06 12:58,SIEMNOT,0,Humans
2024-09-06 12:58,SIRIUS,0,Humans
2024-09-06 12:58,SKAT BAY,0,Humans
2024-09-06 12:58,SPHERION,0,Humans
2024-09-06 12:58,STOR THA PRIME,0,Humans
2024-09-06 12:58,STOUT,0,Humans
2024-09-06 12:58,TERMADON,0,Humans
2024-09-06 12:58,TIBIT,2,Humans
2024-09-06 12:58,TIEN KWAN,1,Humans
2024-09-06 12:58,TROOST,6,Humans
2024-09-06 12:58,UBANEA,0,Humans
2024-09-06 12:58,USTOTU,2,Humans
2024-09-06 12:58,VANDALON IV,3,Humans
2024-09-06 12:58,VARYLIA 5,0,Humans
2024-09-06 12:58,WASAT,1,Humans
2024-09-06 12:58,VEGA BAY,3,Humans
2024-09-06 12:58,WEZEN,3,Humans
2024-09-06 12:58,VINDEMITARIX PRIME,0,Automaton
2024-09-06 12:58,X-45,2,Humans
2024-09-06 12:58,YED PRIOR,0,Humans
2024-09-06 12:58,ZEFIA,0,Humans
2024-09-06 12:58,ZOSMA,0,Humans
2024-09-06 12:58,ZZANIAH PRIME,0,Humans
2024-09-06 12:58,SKITTER,0,Humans
2024-09-06 12:58,EUPHORIA III,0,Humans
2024-09-06 12:58,DIASPORA X,0,Terminids
2024-09-06 12:58,GEMSTONE BLUFFS,0,Terminids
2024-09-06 12:58,ZAGON PRIME,0,Terminids
2024-09-06 12:58,OMICRON,1,Terminids
2024-09-06 12:58,CYBERSTAN,0,Automaton
2024-09-06 13:06,SUPER EARTH,154,Humans
2024-09-06 13:06,KLEN DAHTH II,0,Humans
2024-09-06 13:06,PATHFINDER V,0,Humans
2024-09-06 13:06,WIDOW'S HARBOR,0,Humans
2024-09-06 13:06,NEW HAVEN,0,Humans
2024-09-06 13:06,PILEN V,0,Humans
2024-09-06 13:06,HYDROFALL PRIME,0,Humans
2024-09-06 13:06,ZEA RUGOSIA,0,Humans
2024-09-06 13:06,DARROWSPORT,0,Humans
2024-09-06 13:06,FORNSKOGUR II,0,Humans
2024-09-06 13:06,MIDASBURG,0,Humans
2024-09-06 13:06,CERBERUS IIIc,0,Humans
2024-09-06 13:06,PROSPERITY FALLS,0,Humans
2024-09-06 13:06,OKUL VI,0,Humans
2024-09-06 13:06,MARTYR'S BAY,0,Humans
2024-09-06 13:06,FREEDOM PEAK,0,Humans
2024-09-06 13:06,FORT UNION,0,Humans
2024-09-06 13:06,KELVINOR,0,Humans
2024-09-06 13:06,WRAITH,0,Humans
2024-09-06 13:06,IGLA,0,Humans
2024-09-06 13:06,NEW KIRUNA,0,Humans
2024-09-06 13:06,FORT JUSTICE,0,Humans
2024-09-06 13:06,ZEGEMA PARADISE,0,Humans
2024-09-06 13:06,PROVIDENCE,0,Humans
2024-09-06 13:06,PRIMORDIA,0,Humans
2024-09-06 13:06,SULFURA,0,Humans
2024-09-06 13:06,NUBLARIA I,0,Humans
2024-09-06 13:06,KRAKATWO,0,Humans
2024-09-06 13:06,VOLTERRA,0,Humans
2024-09-06 13:06,CRUCIBLE,0,Humans
2024-09-06 13:06,VEIL,0,Humans
2024-09-06 13:06,MARRE IV,0,Humans
2024-09-06 13:06,FORT SANCTUARY,0,Humans
2024-09-06 13:06,SEYSHEL BEACH,0,Humans
2024-09-06 13:06,HELLMIRE,12,Terminids
2024-09-06 13:06,EFFLUVIA,0,Humans
2024-09-06 13:06,SOLGHAST,0,Humans
2024-09-06 13:06,DILUVIA,0,Humans
2024-09-06 13:06,VIRIDIA PRIME,0,Humans
2024-09-06 13:06,OBARI,0,Humans
2024-09-06 13:06,MYRADESH,0,Humans
2024-09-06 13:06,ATRAMA,0,Humans
2024-09-06 13:06,EMERIA,0,Humans
2024-09-06 13:06,BARABOS,0,Humans
2024-09-06 13:06,FENMIRE,0,Humans
2024-09-06 13:06,MASTIA,1092,Automaton
2024-09-06 13:06,SHALLUS,0,Humans
2024-09-06 13:06,KRAKABOS,0,Humans
2024-09-06 13:06,IRIDICA,0,Humans
2024-09-06 13:06,AZTERRA,0,Humans
2024-09-06 13:06,AZUR SECUNDUS,0,Terminids
2024-09-06 13:06,IVIS,0,Humans
2024-09-06 13:06,SLIF,0,Humans
2024-09-06 13:06,CARAMOOR,0,Humans
2024-09-06 13:06,KHARST,0,Humans
2024-09-06 13:06,EUKORIA,0,Humans
2024-09-06 13:06,MYRIUM,0,Humans
2024-09-06 13:06,KERTH SECUNDUS,0,Humans
2024-09-06 13:06,PARSH,0,Humans
2024-09-06 13:06,REAF,0,Humans
2024-09-06 13:06,IRULTA,0,Humans
2024-09-06 13:06,EMORATH,0,Humans
2024-09-06 13:06,ILDUNA PRIME,0,Humans
2024-09-06 13:06,MAW,0,Humans
2024-09-06 13:06,MERIDIA,41,Humans
2024-09-06 13:06,BOREA,0,Humans
2024-09-06 13:06,CURIA,14,Humans
2024-09-06 13:06,TARSH,579,Automaton
2024-09-06 13:06,SHELT,9910,Humans
2024-09-06 13:06,IMBER,0,Humans
2024-09-06 13:06,BLISTICA,0,Humans
2024-09-06 13:06,RATCH,0,Humans
2024-09-06 13:06,JULHEIM,0,Humans
2024-09-06 13:06,VALGAARD,0,Humans
2024-09-06 13:06,ARKTURUS,0,Humans
2024-09-06 13:06,ESKER,13,Humans
2024-09-06 13:06,TERREK,0,Humans
2024-09-06 13:06,CIRRUS,0,Humans
2024-09-06 13:06,CRIMSICA,20,Humans
2024-09-06 13:06,HEETH,2,Humans
2024-09-06 13:06,VELD,2,Humans
2024-09-06 13:06,ALTA V,0,Humans
2024-09-06 13:06,URSICA XI,0,Humans
2024-09-06 13:06,INARI,0,Humans
2024-09-06 13:06,SKAASH,0,Humans
2024-09-06 13:06,MORADESH,0,Humans
2024-09-06 13:06,RASP,0,Humans
2024-09-06 13:06,BASHYR,0,Humans
2024-09-06 13:06,REGNUS,0,Humans
2024-09-06 13:06,MOG,0,Humans
2024-09-06 13:06,VALMOX,0,Humans
2024-09-06 13:06,IRO,0,Humans
2024-09-06 13:06,GRAFMERE,0,Humans
2024-09-06 13:06,NEW STOCKHOLM,0,Humans
2024-09-06 13:06,OASIS,0,Humans
2024-09-06 13:06,GENESIS PRIME,0,Humans
2024-09-06 13:06,OUTPOST 32,0,Humans
2024-09-06 13:06,CALYPSO,0,Humans
2024-09-06 13:06,ELYSIAN MEADOWS,0,Humans
2024-09-06 13:06,ALDERIDGE COVE,0,Humans
2024-09-06 13:06,TRANDOR,2109,Terminids
2024-09-06 13:06,EAST IRIDIUM TRADING BAY,0,Humans
2024-09-06 13:06,LIBERTY RIDGE,0,Humans
2024-09-06 13:06,BALDRICK PRIME,0,Humans
2024-09-06 13:06,THE WEIR,0,Humans
2024-09-06 13:06,KUPER,0,Humans
2024-09-06 13:06,OSLO STATION,0,Humans
2024-09-06 13:06,PÖPLI IX,0,Humans
2024-09-06 13:06,GUNVALD,0,Humans
2024-09-06 13:06,DOLPH,0,Humans
2024-09-06 13:06,BEKVAM III,0,Humans
2024-09-06 13:06,DUMA TYR,0,Humans
2024-09-06 13:06,VERNEN WELLS,40,Humans
2024-09-06 13:06,AESIR PASS,28,Humans
2024-09-06 13:06,AURORA BAY,0,Automaton
2024-09-06 13:06,PENTA,0,Automaton
2024-09-06 13:06,GAELLIVARE,2078,Humans
2024-09-06 13:06,VOG-SOJOTH,0,Humans
2024-09-06 13:06,KIRRIK,0,Humans
2024-09-06 13:06,MORTAX PRIME,0,Humans
2024-09-06 13:06,WILFORD STATION,0,Humans
2024-09-06 13:06,PIONEER II,0,Humans
2024-09-06 13:06,ERSON SANDS,30,Terminids
2024-09-06 13:06,SOCORRO III,6,Humans
2024-09-06 13:06,BORE ROCK,4,Humans
2024-09-06 13:06,FENRIR III,39,Humans
2024-09-06 13:06,TURING,0,Humans
2024-09-06 13:06,ANGEL'S VENTURE,5,Humans
2024-09-06 13:06,DARIUS II,0,Humans
2024-09-06 13:06,ACAMAR IV,22,Humans
2024-09-06 13:06,ACHERNAR SECUNDUS,0,Humans
2024-09-06 13:06,ACHIRD III,0,Humans
2024-09-06 13:06,ACRAB XI,0,Humans
2024-09-06 13:06,ACRUX IX,0,Humans
2024-09-06 13:06,ACUBENS PRIME,0,Humans
2024-09-06 13:06,ADHARA,0,Humans
2024-09-06 13:06,AFOYAY BAY,0,Humans
2024-09-06 13:06,AIN-5,0,Humans
2024-09-06 13:06,ALAIRT III,0,Humans
2024-09-06 13:06,ALAMAK VII,0,Humans
2024-09-06 13:06,ALARAPH,0,Humans
2024-09-06 13:06,ALATHFAR XI,0,Humans
2024-09-06 13:06,ANDAR,0,Humans
2024-09-06 13:06,ASPEROTH PRIME,0,Humans
2024-09-06 13:06,BELLATRIX,0,Humans
2024-09-06 13:06,BOTEIN,0,Humans
2024-09-06 13:06,OSUPSAM,0,Humans
2024-09-06 13:06,BRINK-2,0,Humans
2024-09-06 13:06,BUNDA SECUNDUS,0,Humans
2024-09-06 13:06,CANOPUS,0,Humans
2024-09-06 13:06,CAPH,0,Humans
2024-09-06 13:06,CASTOR,0,Humans
2024-09-06 13:06,DURGEN,1,Humans
2024-09-06 13:06,DRAUPNIR,0,Humans
2024-09-06 13:06,MORT,1,Humans
2024-09-06 13:06,INGMAR,1,Humans
2024-09-06 13:06,CHARBAL-VII,5,Humans
2024-09-06 13:06,CHARON PRIME,0,Humans
2024-09-06 13:06,CHOEPESSA IV,3,Humans
2024-09-06 13:06,CHOOHE,74,Automaton
2024-09-06 13:06,CHORT BAY,1,Automaton
2024-09-06 13:06,CLAORELL,0,Humans
2024-09-06 13:06,CLASA,0,Humans
2024-09-06 13:06,DEMIURG,0,Humans
2024-09-06 13:06,DENEB SECUNDUS,0,Humans
2024-09-06 13:06,ELECTRA BAY,0,Humans
2024-09-06 13:06,ENULIALE,0,Terminids
2024-09-06 13:06,EPSILON PHOENCIS VI,0,Terminids
2024-09-06 13:06,ERATA PRIME,7,Humans
2024-09-06 13:06,ESTANU,13,Humans
2024-09-06 13:06,FORI PRIME,12,Terminids
2024-09-06 13:06,GACRUX,1671,Terminids
2024-09-06 13:06,GAR HAREN,0,Humans
2024-09-06 13:06,GATRIA,164,Humans
2024-09-06 13:06,GEMMA,0,Humans
2024-09-06 13:06,GRAND ERRANT,0,Humans
2024-09-06 13:06,HADAR,0,Humans
2024-09-06 13:06,HAKA,0,Humans
2024-09-06 13:06,HALDUS,0,Humans
2024-09-06 13:06,HALIES PORT,0,Humans
2024-09-06 13:06,HERTHON SECUNDUS,0,Humans
2024-09-06 13:06,HESOE PRIME,0,Humans
2024-09-06 13:06,HEZE BAY,0,Humans
2024-09-06 13:06,HORT,0,Humans
2024-09-06 13:06,HYDROBIUS,0,Humans
2024-09-06 13:06,KARLIA,0,Humans
2024-09-06 13:06,KEID,0,Humans
2024-09-06 13:06,KHANDARK,0,Humans
2024-09-06 13:06,KLAKA 5,0,Humans
2024-09-06 13:06,KNETH PORT,0,Humans
2024-09-06 13:06,KRAZ,0,Humans
2024-09-06 13:06,KUMA,0,Humans
2024-09-06 13:06,LASTOFE,0,Humans
2024-09-06 13:06,LENG SECUNDUS,0,Humans
2024-09-06 13:06,LESATH,335,Automaton
2024-09-06 13:06,MAIA,0,Humans
2024-09-06 13:06,MALEVELON CREEK,1,Humans
2024-09-06 13:06,MANTES,1,Humans
2024-09-06 13:06,MARFARK,2,Humans
2024-09-06 13:06,MARTALE,2,Humans
2024-09-06 13:06,MATAR BAY,2,Humans
2024-09-06 13:06,MEISSA,2,Humans
2024-09-06 13:06,MEKBUDA,0,Automaton
2024-09-06 13:06,MENKENT,132,Automaton
2024-09-06 13:06,MERAK,0,Automaton
2024-09-06 13:06,MERGA IV,0,Automaton
2024-09-06 13:06,MINCHIR,0,Humans
2024-09-06 13:06,MINTORIA,0,Humans
2024-09-06 13:06,MORDIA 9,0,Humans
2024-09-06 13:06,NABATEA SECUNDUS,0,Terminids
2024-09-06 13:06,NAVI VII,0,Terminids
2024-09-06 13:06,NIVEL 43,13,Terminids
2024-09-06 13:06,OSHAUNE,2,Terminids
2024-09-06 13:06,OVERGOE PRIME,0,Terminids
2024-09-06 13:06,PANDION-XXIV,4657,Terminids
2024-09-06 13:06,PARTION,672,Terminids
2024-09-06 13:06,PEACOCK,0,Terminids
2024-09-06 13:06,PHACT BAY,574,Humans
2024-09-06 13:06,PHERKAD SECUNDUS,0,Humans
2024-09-06 13:06,POLARIS PRIME,0,Humans
2024-09-06 13:06,POLLUX 31,0,Humans
2024-09-06 13:06,PRASA,0,Humans
2024-09-06 13:06,PROPUS,0,Humans
2024-09-06 13:06,RAS ALGETHI,0,Humans
2024-09-06 13:06,RD-4,0,Humans
2024-09-06 13:06,ROGUE 5,0,Humans
2024-09-06 13:06,RIRGA BAY,0,Humans
2024-09-06 13:06,SEASSE,0,Humans
2024-09-06 13:06,SENGE 23,0,Humans
2024-09-06 13:06,SETIA,0,Humans
2024-09-06 13:06,SHETE,0,Humans
2024-09-06 13:06,SIEMNOT,0,Humans
2024-09-06 13:06,SIRIUS,0,Humans
2024-09-06 13:06,SKAT BAY,0,Humans
2024-09-06 13:06,SPHERION,0,Humans
2024-09-06 13:06,STOR THA PRIME,0,Humans
2024-09-06 13:06,STOUT,0,Humans
2024-09-06 13:06,TERMADON,0,Humans
2024-09-06 13:06,TIBIT,0,Humans
2024-09-06 13:06,TIEN KWAN,0,Humans
2024-09-06 13:06,TROOST,3,Humans
2024-09-06 13:06,UBANEA,0,Humans
2024-09-06 13:06,USTOTU,3,Humans
2024-09-06 13:06,VANDALON IV,6,Humans
2024-09-06 13:06,VARYLIA 5,0,Humans
2024-09-06 13:06,WASAT,1,Humans
2024-09-06 13:06,VEGA BAY,3,Humans
2024-09-06 13:06,WEZEN,6,Humans
2024-09-06 13:06,VINDEMITARIX PRIME,0,Automaton
2024-09-06 13:06,X-45,2,Humans
2024-09-06 13:06,YED PRIOR,0,Humans
2024-09-06 13:06,ZEFIA,0,Humans
2024-09-06 13:06,ZOSMA,0,Humans
2024-09-06 13:06,ZZANIAH PRIME,0,Humans
2024-09-06 13:06,SKITTER,0,Humans
2024-09-06 13:06,EUPHORIA III,0,Humans
2024-09-06 13:06,DIASPORA X,0,Terminids
2024-09-06 13:06,GEMSTONE BLUFFS,0,Terminids
2024-09-06 13:06,ZAGON PRIME,0,Terminids
2024-09-06 13:06,OMICRON,0,Terminids
2024-09-06 13:06,CYBERSTAN,0,Automaton
2024-09-06 13:31,SUPER EARTH,172,Humans
2024-09-06 13:31,KLEN DAHTH II,0,Humans
2024-09-06 13:31,PATHFINDER V,0,Humans
2024-09-06 13:31,WIDOW'S HARBOR,0,Humans
2024-09-06 13:31,NEW HAVEN,0,Humans
2024-09-06 13:31,PILEN V,0,Humans
2024-09-06 13:31,HYDROFALL PRIME,0,Humans
2024-09-06 13:31,ZEA RUGOSIA,0,Humans
2024-09-06 13:31,DARROWSPORT,0,Humans
2024-09-06 13:31,FORNSKOGUR II,0,Humans
2024-09-06 13:31,MIDASBURG,0,Humans
2024-09-06 13:31,CERBERUS IIIc,0,Humans
2024-09-06 13:31,PROSPERITY FALLS,0,Humans
2024-09-06 13:31,OKUL VI,0,Humans
2024-09-06 13:31,MARTYR'S BAY,0,Humans
2024-09-06 13:31,FREEDOM PEAK,0,Humans
2024-09-06 13:31,FORT UNION,0,Humans
2024-09-06 13:31,KELVINOR,0,Humans
2024-09-06 13:31,WRAITH,0,Humans
2024-09-06 13:31,IGLA,0,Humans
2024-09-06 13:31,NEW KIRUNA,0,Humans
2024-09-06 13:31,FORT JUSTICE,0,Humans
2024-09-06 13:31,ZEGEMA PARADISE,0,Humans
2024-09-06 13:31,PROVIDENCE,0,Humans
2024-09-06 13:31,PRIMORDIA,0,Humans
2024-09-06 13:31,SULFURA,0,Humans
2024-09-06 13:31,NUBLARIA I,0,Humans
2024-09-06 13:31,KRAKATWO,0,Humans
2024-09-06 13:31,VOLTERRA,0,Humans
2024-09-06 13:31,CRUCIBLE,0,Humans
2024-09-06 13:31,VEIL,0,Humans
2024-09-06 13:31,MARRE IV,0,Humans
2024-09-06 13:31,FORT SANCTUARY,0,Humans
2024-09-06 13:31,SEYSHEL BEACH,0,Humans
2024-09-06 13:31,HELLMIRE,15,Terminids
2024-09-06 13:31,EFFLUVIA,0,Humans
2024-09-06 13:31,SOLGHAST,0,Humans
2024-09-06 13:31,DILUVIA,0,Humans
2024-09-06 13:31,VIRIDIA PRIME,0,Humans
2024-09-06 13:31,OBARI,0,Humans
2024-09-06 13:31,MYRADESH,0,Humans
2024-09-06 13:31,ATRAMA,0,Humans
2024-09-06 13:31,EMERIA,0,Humans
2024-09-06 13:31,BARABOS,0,Humans
2024-09-06 13:31,FENMIRE,0,Humans
2024-09-06 13:31,MASTIA,1048,Automaton
2024-09-06 13:31,SHALLUS,0,Humans
2024-09-06 13:31,KRAKABOS,0,Humans
2024-09-06 13:31,IRIDICA,0,Humans
2024-09-06 13:31,AZTERRA,0,Humans
2024-09-06 13:31,AZUR SECUNDUS,0,Terminids
2024-09-06 13:31,IVIS,0,Humans
2024-09-06 13:31,SLIF,0,Humans
2024-09-06 13:31,CARAMOOR,0,Humans
2024-09-06 13:31,KHARST,0,Humans
2024-09-06 13:31,EUKORIA,0,Humans
2024-09-06 13:31,MYRIUM,0,Humans
2024-09-06 13:31,KERTH SECUNDUS,0,Humans
2024-09-06 13:31,PARSH,0,Humans
2024-09-06 13:31,REAF,0,Humans
2024-09-06 13:31,IRULTA,0,Humans
2024-09-06 13:31,EMORATH,0,Humans
2024-09-06 13:31,ILDUNA PRIME,0,Humans
2024-09-06 13:31,MAW,0,Humans
2024-09-06 13:31,MERIDIA,74,Humans
2024-09-06 13:31,BOREA,0,Humans
2024-09-06 13:31,CURIA,23,Humans
2024-09-06 13:31,TARSH,591,Automaton
2024-09-06 13:31,SHELT,10835,Humans
2024-09-06 13:31,IMBER,0,Humans
2024-09-06 13:31,BLISTICA,0,Humans
2024-09-06 13:31,RATCH,0,Humans
2024-09-06 13:31,JULHEIM,0,Humans
2024-09-06 13:31,VALGAARD,0,Humans
2024-09-06 13:31,ARKTURUS,0,Humans
2024-09-06 13:31,ESKER,16,Humans
2024-09-06 13:31,TERREK,0,Humans
2024-09-06 13:31,CIRRUS,1,Humans
2024-09-06 13:31,CRIMSICA,18,Humans
2024-09-06 13:31,HEETH,4,Humans
2024-09-06 13:31,VELD,3,Humans
2024-09-06 13:31,ALTA V,0,Humans
2024-09-06 13:31,URSICA XI,0,Humans
2024-09-06 13:31,INARI,0,Humans
2024-09-06 13:31,SKAASH,0,Humans
2024-09-06 13:31,MORADESH,0,Humans
2024-09-06 13:31,RASP,0,Humans
2024-09-06 13:31,BASHYR,0,Humans
2024-09-06 13:31,REGNUS,0,Humans
2024-09-06 13:31,MOG,0,Humans
2024-09-06 13:31,VALMOX,0,Humans
2024-09-06 13:31,IRO,0,Humans
2024-09-06 13:31,GRAFMERE,0,Humans
2024-09-06 13:31,NEW STOCKHOLM,0,Humans
2024-09-06 13:31,OASIS,0,Humans
2024-09-06 13:31,GENESIS PRIME,0,Humans
2024-09-06 13:31,OUTPOST 32,0,Humans
2024-09-06 13:31,CALYPSO,0,Humans
2024-09-06 13:31,ELYSIAN MEADOWS,0,Humans
2024-09-06 13:31,ALDERIDGE COVE,0,Humans
2024-09-06 13:31,TRANDOR,2219,Terminids
2024-09-06 13:31,EAST IRIDIUM TRADING BAY,0,Humans
2024-09-06 13:31,LIBERTY RIDGE,0,Humans
2024-09-06 13:31,BALDRICK PRIME,0,Humans
2024-09-06 13:31,THE WEIR,0,Humans
2024-09-06 13:31,KUPER,0,Humans
2024-09-06 13:31,OSLO STATION,0,Humans
2024-09-06 13:31,PÖPLI IX,0,Humans
2024-09-06 13:31,GUNVALD,0,Humans
2024-09-06 13:31,DOLPH,0,Humans
2024-09-06 13:31,BEKVAM III,0,Humans
2024-09-06 13:31,DUMA TYR,0,Humans
2024-09-06 13:31,VERNEN WELLS,47,Humans
2024-09-06 13:31,AESIR PASS,28,Humans
2024-09-06 13:31,AURORA BAY,0,Automaton
2024-09-06 13:31,PENTA,0,Automaton
2024-09-06 13:31,GAELLIVARE,2054,Humans
2024-09-06 13:31,VOG-SOJOTH,0,Humans
2024-09-06 13:31,KIRRIK,0,Humans
2024-09-06 13:31,MORTAX PRIME,0,Humans
2024-09-06 13:31,WILFORD STATION,0,Humans
2024-09-06 13:31,PIONEER II,0,Humans
2024-09-06 13:31,ERSON SANDS,24,Terminids
2024-09-06 13:31,SOCORRO III,7,Humans
2024-09-06 13:31,BORE ROCK,2,Humans
2024-09-06 13:31,FENRIR III,50,Humans
2024-09-06 13:31,TURING,2,Humans
2024-09-06 13:31,ANGEL'S VENTURE,2,Humans
2024-09-06 13:31,DARIUS II,0,Humans
2024-09-06 13:31,ACAMAR IV,24,Humans
2024-09-06 13:31,ACHERNAR SECUNDUS,0,Humans
2024-09-06 13:31,ACHIRD III,0,Humans
2024-09-06 13:31,ACRAB XI,0,Humans
2024-09-06 13:31,ACRUX IX,0,Humans
2024-09-06 13:31,ACUBENS PRIME,0,Humans
2024-09-06 13:31,ADHARA,0,Humans
2024-09-06 13:31,AFOYAY BAY,0,Humans
2024-09-06 13:31,AIN-5,0,Humans
2024-09-06 13:31,ALAIRT III,0,Humans
2024-09-06 13:31,ALAMAK VII,0,Humans
2024-09-06 13:31,ALARAPH,0,Humans
2024-09-06 13:31,ALATHFAR XI,0,Humans
2024-09-06 13:31,ANDAR,0,Humans
2024-09-06 13:31,ASPEROTH PRIME,0,Humans
2024-09-06 13:31,BELLATRIX,0,Humans
2024-09-06 13:31,BOTEIN,0,Humans
2024-09-06 13:31,OSUPSAM,0,Humans
2024-09-06 13:31,BRINK-2,0,Humans
2024-09-06 13:31,BUNDA SECUNDUS,0,Humans
2024-09-06 13:31,CANOPUS,0,Humans
2024-09-06 13:31,CAPH,0,Humans
2024-09-06 13:31,CASTOR,0,Humans
2024-09-06 13:31,DURGEN,2,Humans
2024-09-06 13:31,DRAUPNIR,0,Humans
2024-09-06 13:31,MORT,0,Humans
2024-09-06 13:31,INGMAR,1,Humans
2024-09-06 13:31,CHARBAL-VII,5,Humans
2024-09-06 13:31,CHARON PRIME,0,Humans
2024-09-06 13:31,CHOEPESSA IV,1,Humans
2024-09-06 13:31,CHOOHE,83,Automaton
2024-09-06 13:31,CHORT BAY,1,Automaton
2024-09-06 13:31,CLAORELL,0,Humans
2024-09-06 13:31,CLASA,0,Humans
2024-09-06 13:31,DEMIURG,0,Humans
2024-09-06 13:31,DENEB SECUNDUS,0,Humans
2024-09-06 13:31,ELECTRA BAY,0,Humans
2024-09-06 13:31,ENULIALE,0,Terminids
2024-09-06 13:31,EPSILON PHOENCIS VI,0,Terminids
2024-09-06 13:31,ERATA PRIME,6,Humans
2024-09-06 13:31,ESTANU,16,Humans
2024-09-06 13:31,FORI PRIME,17,Terminids
2024-09-06 13:31,GACRUX,1656,Terminids
2024-09-06 13:31,GAR HAREN,0,Humans
2024-09-06 13:31,GATRIA,195,Humans
2024-09-06 13:31,GEMMA,0,Humans
2024-09-06 13:31,GRAND ERRANT,0,Humans
2024-09-06 13:31,HADAR,0,Humans
2024-09-06 13:31,HAKA,0,Humans
2024-09-06 13:31,HALDUS,0,Humans
2024-09-06 13:31,HALIES PORT,0,Humans
2024-09-06 13:31,HERTHON SECUNDUS,0,Humans
2024-09-06 13:31,HESOE PRIME,0,Humans
2024-09-06 13:31,HEZE BAY,0,Humans
2024-09-06 13:31,HORT,0,Humans
2024-09-06 13:31,HYDROBIUS,0,Humans
2024-09-06 13:31,KARLIA,0,Humans
2024-09-06 13:31,KEID,0,Humans
2024-09-06 13:31,KHANDARK,0,Humans
2024-09-06 13:31,KLAKA 5,0,Humans
2024-09-06 13:31,KNETH PORT,0,Humans
2024-09-06 13:31,KRAZ,0,Humans
2024-09-06 13:31,KUMA,0,Humans
2024-09-06 13:31,LASTOFE,0,Humans
2024-09-06 13:31,LENG SECUNDUS,0,Humans
2024-09-06 13:31,LESATH,353,Automaton
2024-09-06 13:31,MAIA,1,Humans
2024-09-06 13:31,MALEVELON CREEK,3,Humans
2024-09-06 13:31,MANTES,1,Humans
2024-09-06 13:31,MARFARK,3,Humans
2024-09-06 13:31,MARTALE,1,Humans
2024-09-06 13:31,MATAR BAY,8,Humans
2024-09-06 13:31,MEISSA,0,Humans
2024-09-06 13:31,MEKBUDA,0,Automaton
2024-09-06 13:31,MENKENT,112,Automaton
2024-09-06 13:31,MERAK,0,Automaton
2024-09-06 13:31,MERGA IV,0,Automaton
2024-09-06 13:31,MINCHIR,0,Humans
2024-09-06 13:31,MINTORIA,0,Humans
2024-09-06 13:31,MORDIA 9,0,Humans
2024-09-06 13:31,NABATEA SECUNDUS,0,Terminids
2024-09-06 13:31,NAVI VII,0,Terminids
2024-09-06 13:31,NIVEL 43,15,Terminids
2024-09-06 13:31,OSHAUNE,2,Terminids
2024-09-06 13:31,OVERGOE PRIME,0,Terminids
2024-09-06 13:31,PANDION-XXIV,4719,Terminids
2024-09-06 13:31,PARTION,672,Terminids
2024-09-06 13:31,PEACOCK,0,Terminids
2024-09-06 13:31,PHACT BAY,578,Humans
2024-09-06 13:31,PHERKAD SECUNDUS,0,Humans
2024-09-06 13:31,POLARIS PRIME,0,Humans
2024-09-06 13:31,POLLUX 31,0,Humans
2024-09-06 13:31,PRASA,0,Humans
2024-09-06 13:31,PROPUS,0,Humans
2024-09-06 13:31,RAS ALGETHI,0,Humans
2024-09-06 13:31,RD-4,0,Humans
2024-09-06 13:31,ROGUE 5,0,Humans
2024-09-06 13:31,RIRGA BAY,0,Humans
2024-09-06 13:31,SEASSE,0,Humans
2024-09-06 13:31,SENGE 23,0,Humans
2024-09-06 13:31,SETIA,0,Humans
2024-09-06 13:31,SHETE,0,Humans
2024-09-06 13:31,SIEMNOT,0,Humans
2024-09-06 13:31,SIRIUS,0,Humans
2024-09-06 13:31,SKAT BAY,0,Humans
2024-09-06 13:31,SPHERION,0,Humans
2024-09-06 13:31,STOR THA PRIME,0,Humans
2024-09-06 13:31,STOUT,0,Humans
2024-09-06 13:31,TERMADON,0,Humans
2024-09-06 13:31,TIBIT,0,Humans
2024-09-06 13:31,TIEN KWAN,0,Humans
2024-09-06 13:31,TROOST,1,Humans
2024-09-06 13:31,UBANEA,0,Humans
2024-09-06 13:31,USTOTU,1,Humans
2024-09-06 13:31,VANDALON IV,6,Humans
2024-09-06 13:31,VARYLIA 5,2,Humans
2024-09-06 13:31,WASAT,0,Humans
2024-09-06 13:31,VEGA BAY,4,Humans
2024-09-06 13:31,WEZEN,4,Humans
2024-09-06 13:31,VINDEMITARIX PRIME,0,Automaton
2024-09-06 13:31,X-45,4,Humans
2024-09-06 13:31,YED PRIOR,0,Humans
2024-09-06 13:31,ZEFIA,0,Humans
2024-09-06 13:31,ZOSMA,0,Humans
2024-09-06 13:31,ZZANIAH PRIME,0,Humans
2024-09-06 13:31,SKITTER,0,Humans
2024-09-06 13:31,EUPHORIA III,0,Humans
2024-09-06 13:31,DIASPORA X,0,Terminids
2024-09-06 13:31,GEMSTONE BLUFFS,0,Terminids
2024-09-06 13:31,ZAGON PRIME,0,Terminids
2024-09-06 13:31,OMICRON,0,Terminids
2024-09-06 13:31,CYBERSTAN,0,Automaton
2024-09-06 15:03,SUPER EARTH,196,Humans
2024-09-06 15:03,KLEN DAHTH II,0,Humans
2024-09-06 15:03,PATHFINDER V,0,Humans
2024-09-06 15:03,WIDOW'S HARBOR,0,Humans
2024-09-06 15:03,NEW HAVEN,0,Humans
2024-09-06 15:03,PILEN V,0,Humans
2024-09-06 15:03,HYDROFALL PRIME,0,Humans
2024-09-06 15:03,ZEA RUGOSIA,0,Humans
2024-09-06 15:03,DARROWSPORT,0,Humans
2024-09-06 15:03,FORNSKOGUR II,0,Humans
2024-09-06 15:03,MIDASBURG,0,Humans
2024-09-06 15:03,CERBERUS IIIc,0,Humans
2024-09-06 15:03,PROSPERITY FALLS,0,Humans
2024-09-06 15:03,OKUL VI,0,Humans
2024-09-06 15:03,MARTYR'S BAY,0,Humans
2024-09-06 15:03,FREEDOM PEAK,0,Humans
2024-09-06 15:03,FORT UNION,0,Humans
2024-09-06 15:03,KELVINOR,0,Humans
2024-09-06 15:03,WRAITH,0,Humans
2024-09-06 15:03,IGLA,0,Humans
2024-09-06 15:03,NEW KIRUNA,0,Humans
2024-09-06 15:03,FORT JUSTICE,0,Humans
2024-09-06 15:03,ZEGEMA PARADISE,0,Humans
2024-09-06 15:03,PROVIDENCE,0,Humans
2024-09-06 15:03,PRIMORDIA,0,Humans
2024-09-06 15:03,SULFURA,0,Humans
2024-09-06 15:03,NUBLARIA I,0,Humans
2024-09-06 15:03,KRAKATWO,0,Humans
2024-09-06 15:03,VOLTERRA,0,Humans
2024-09-06 15:03,CRUCIBLE,0,Humans
2024-09-06 15:03,VEIL,0,Humans
2024-09-06 15:03,MARRE IV,0,Humans
2024-09-06 15:03,FORT SANCTUARY,0,Humans
2024-09-06 15:03,SEYSHEL BEACH,0,Humans
2024-09-06 15:03,HELLMIRE,14,Terminids
2024-09-06 15:03,EFFLUVIA,0,Humans
2024-09-06 15:03,SOLGHAST,0,Humans
2024-09-06 15:03,DILUVIA,0,Humans
2024-09-06 15:03,VIRIDIA PRIME,0,Humans
2024-09-06 15:03,OBARI,0,Humans
2024-09-06 15:03,MYRADESH,0,Humans
2024-09-06 15:03,ATRAMA,0,Humans
2024-09-06 15:03,EMERIA,0,Humans
2024-09-06 15:03,BARABOS,0,Humans
2024-09-06 15:03,FENMIRE,0,Humans
2024-09-06 15:03,MASTIA,1177,Automaton
2024-09-06 15:03,SHALLUS,0,Humans
2024-09-06 15:03,KRAKABOS,0,Humans
2024-09-06 15:03,IRIDICA,0,Humans
2024-09-06 15:03,AZTERRA,0,Humans
2024-09-06 15:03,AZUR SECUNDUS,0,Terminids
2024-09-06 15:03,IVIS,0,Humans
2024-09-06 15:03,SLIF,0,Humans
2024-09-06 15:03,CARAMOOR,0,Humans
2024-09-06 15:03,KHARST,0,Humans
2024-09-06 15:03,EUKORIA,0,Humans
2024-09-06 15:03,MYRIUM,0,Humans
2024-09-06 15:03,KERTH SECUNDUS,0,Humans
2024-09-06 15:03,PARSH,0,Humans
2024-09-06 15:03,REAF,0,Humans
2024-09-06 15:03,IRULTA,0,Humans
2024-09-06 15:03,EMORATH,0,Humans
2024-09-06 15:03,ILDUNA PRIME,0,Humans
2024-09-06 15:03,MAW,0,Humans
2024-09-06 15:03,MERIDIA,54,Humans
2024-09-06 15:03,BOREA,0,Humans
2024-09-06 15:03,CURIA,16,Humans
2024-09-06 15:03,TARSH,683,Automaton
2024-09-06 15:03,SHELT,13564,Humans
2024-09-06 15:03,IMBER,0,Humans
2024-09-06 15:03,BLISTICA,0,Humans
2024-09-06 15:03,RATCH,0,Humans
2024-09-06 15:03,JULHEIM,0,Humans
2024-09-06 15:03,VALGAARD,0,Humans
2024-09-06 15:03,ARKTURUS,0,Humans
2024-09-06 15:03,ESKER,19,Humans
2024-09-06 15:03,TERREK,0,Humans
2024-09-06 15:03,CIRRUS,0,Humans
2024-09-06 15:03,CRIMSICA,23,Humans
2024-09-06 15:03,HEETH,0,Humans
2024-09-06 15:03,VELD,3,Humans
2024-09-06 15:03,ALTA V,0,Humans
2024-09-06 15:03,URSICA XI,0,Humans
2024-09-06 15:03,INARI,0,Humans
2024-09-06 15:03,SKAASH,0,Humans
2024-09-06 15:03,MORADESH,0,Humans
2024-09-06 15:03,RASP,0,Humans
2024-09-06 15:03,BASHYR,0,Humans
2024-09-06 15:03,REGNUS,0,Humans
2024-09-06 15:03,MOG,0,Humans
2024-09-06 15:03,VALMOX,0,Humans
2024-09-06 15:03,IRO,0,Humans
2024-09-06 15:03,GRAFMERE,0,Humans
2024-09-06 15:03,NEW STOCKHOLM,0,Humans
2024-09-06 15:03,OASIS,0,Humans
2024-09-06 15:03,GENESIS PRIME,0,Humans
2024-09-06 15:03,OUTPOST 32,0,Humans
2024-09-06 15:03,CALYPSO,0,Humans
2024-09-06 15:03,ELYSIAN MEADOWS,0,Humans
2024-09-06 15:03,ALDERIDGE COVE,0,Humans
2024-09-06 15:03,TRANDOR,2700,Terminids
2024-09-06 15:03,EAST IRIDIUM TRADING BAY,0,Humans
2024-09-06 15:03,LIBERTY RIDGE,0,Humans
2024-09-06 15:03,BALDRICK PRIME,0,Humans
2024-09-06 15:03,THE WEIR,0,Humans
2024-09-06 15:03,KUPER,0,Humans
2024-09-06 15:03,OSLO STATION,0,Humans
2024-09-06 15:03,PÖPLI IX,1,Humans
2024-09-06 15:03,GUNVALD,0,Humans
2024-09-06 15:03,DOLPH,0,Humans
2024-09-06 15:03,BEKVAM III,0,Humans
2024-09-06 15:03,DUMA TYR,0,Humans
2024-09-06 15:03,VERNEN WELLS,45,Humans
2024-09-06 15:03,AESIR PASS,23,Humans
2024-09-06 15:03,AURORA BAY,0,Automaton
2024-09-06 15:03,PENTA,1,Automaton
2024-09-06 15:03,GAELLIVARE,2447,Humans
2024-09-06 15:03,VOG-SOJOTH,0,Humans
2024-09-06 15:03,KIRRIK,0,Humans
2024-09-06 15:03,MORTAX PRIME,0,Humans
2024-09-06 15:03,WILFORD STATION,0,Humans
2024-09-06 15:03,PIONEER II,0,Humans
2024-09-06 15:03,ERSON SANDS,24,Terminids
2024-09-06 15:03,SOCORRO III,10,Humans
2024-09-06 15:03,BORE ROCK,11,Humans
2024-09-06 15:03,FENRIR III,59,Humans
2024-09-06 15:03,TURING,4,Humans
2024-09-06 15:03,ANGEL'S VENTURE,2,Humans
2024-09-06 15:03,DARIUS II,0,Humans
2024-09-06 15:03,ACAMAR IV,16,Humans
2024-09-06 15:03,ACHERNAR SECUNDUS,0,Humans
2024-09-06 15:03,ACHIRD III,0,Humans
2024-09-06 15:03,ACRAB XI,0,Humans
2024-09-06 15:03,ACRUX IX,0,Humans
2024-09-06 15:03,ACUBENS PRIME,0,Humans
2024-09-06 15:03,ADHARA,0,Humans
2024-09-06 15:03,AFOYAY BAY,0,Humans
2024-09-06 15:03,AIN-5,0,Humans
2024-09-06 15:03,ALAIRT III,0,Humans
2024-09-06 15:03,ALAMAK VII,0,Humans
2024-09-06 15:03,ALARAPH,0,Humans
2024-09-06 15:03,ALATHFAR XI,0,Humans
2024-09-06 15:03,ANDAR,0,Humans
2024-09-06 15:03,ASPEROTH PRIME,0,Humans
2024-09-06 15:03,BELLATRIX,0,Humans
2024-09-06 15:03,BOTEIN,0,Humans
2024-09-06 15:03,OSUPSAM,0,Humans
2024-09-06 15:03,BRINK-2,0,Humans
2024-09-06 15:03,BUNDA SECUNDUS,0,Humans
2024-09-06 15:03,CANOPUS,0,Humans
2024-09-06 15:03,CAPH,0,Humans
2024-09-06 15:03,CASTOR,0,Humans
2024-09-06 15:03,DURGEN,0,Humans
2024-09-06 15:03,DRAUPNIR,2,Humans
2024-09-06 15:03,MORT,0,Humans
2024-09-06 15:03,INGMAR,1,Humans
2024-09-06 15:03,CHARBAL-VII,0,Humans
2024-09-06 15:03,CHARON PRIME,0,Humans
2024-09-06 15:03,CHOEPESSA IV,0,Humans
2024-09-06 15:03,CHOOHE,97,Automaton
2024-09-06 15:03,CHORT BAY,0,Automaton
2024-09-06 15:03,CLAORELL,0,Humans
2024-09-06 15:03,CLASA,0,Humans
2024-09-06 15:03,DEMIURG,0,Humans
2024-09-06 15:03,DENEB SECUNDUS,0,Humans
2024-09-06 15:03,ELECTRA BAY,0,Humans
2024-09-06 15:03,ENULIALE,0,Terminids
2024-09-06 15:03,EPSILON PHOENCIS VI,0,Terminids
2024-09-06 15:03,ERATA PRIME,16,Humans
2024-09-06 15:03,ESTANU,16,Humans
2024-09-06 15:03,FORI PRIME,14,Terminids
2024-09-06 15:03,GACRUX,2244,Terminids
2024-09-06 15:03,GAR HAREN,0,Humans
2024-09-06 15:03,GATRIA,228,Humans
2024-09-06 15:03,GEMMA,0,Humans
2024-09-06 15:03,GRAND ERRANT,0,Humans
2024-09-06 15:03,HADAR,0,Humans
2024-09-06 15:03,HAKA,0,Humans
2024-09-06 15:03,HALDUS,0,Humans
2024-09-06 15:03,HALIES PORT,0,Humans
2024-09-06 15:03,HERTHON SECUNDUS,0,Humans
2024-09-06 15:03,HESOE PRIME,0,Humans
2024-09-06 15:03,HEZE BAY,0,Humans
2024-09-06 15:03,HORT,0,Humans
2024-09-06 15:03,HYDROBIUS,0,Humans
2024-09-06 15:03,KARLIA,0,Humans
2024-09-06 15:03,KEID,0,Humans
2024-09-06 15:03,KHANDARK,0,Humans
2024-09-06 15:03,KLAKA 5,0,Humans
2024-09-06 15:03,KNETH PORT,0,Humans
2024-09-06 15:03,KRAZ,0,Humans
2024-09-06 15:03,KUMA,0,Humans
2024-09-06 15:03,LASTOFE,0,Humans
2024-09-06 15:03,LENG SECUNDUS,0,Humans
2024-09-06 15:03,LESATH,450,Automaton
2024-09-06 15:03,MAIA,2,Humans
2024-09-06 15:03,MALEVELON CREEK,5,Humans
2024-09-06 15:03,MANTES,0,Humans
2024-09-06 15:03,MARFARK,9,Humans
2024-09-06 15:03,MARTALE,0,Humans
2024-09-06 15:03,MATAR BAY,5,Humans
2024-09-06 15:03,MEISSA,1,Humans
2024-09-06 15:03,MEKBUDA,0,Automaton
2024-09-06 15:03,MENKENT,140,Automaton
2024-09-06 15:03,MERAK,0,Automaton
2024-09-06 15:03,MERGA IV,0,Automaton
2024-09-06 15:03,MINCHIR,0,Humans
2024-09-06 15:03,MINTORIA,0,Humans
2024-09-06 15:03,MORDIA 9,0,Humans
2024-09-06 15:03,NABATEA SECUNDUS,0,Terminids
2024-09-06 15:03,NAVI VII,0,Terminids
2024-09-06 15:03,NIVEL 43,26,Terminids
2024-09-06 15:03,OSHAUNE,1,Terminids
2024-09-06 15:03,OVERGOE PRIME,0,Terminids
2024-09-06 15:03,PANDION-XXIV,5483,Terminids
2024-09-06 15:03,PARTION,908,Terminids
2024-09-06 15:03,PEACOCK,0,Terminids
2024-09-06 15:03,PHACT BAY,621,Humans
2024-09-06 15:03,PHERKAD SECUNDUS,0,Humans
2024-09-06 15:03,POLARIS PRIME,0,Humans
2024-09-06 15:03,POLLUX 31,0,Humans
2024-09-06 15:03,PRASA,0,Humans
2024-09-06 15:03,PROPUS,0,Humans
2024-09-06 15:03,RAS ALGETHI,0,Humans
2024-09-06 15:03,RD-4,0,Humans
2024-09-06 15:03,ROGUE 5,0,Humans
2024-09-06 15:03,RIRGA BAY,0,Humans
2024-09-06 15:03,SEASSE,0,Humans
2024-09-06 15:03,SENGE 23,0,Humans
2024-09-06 15:03,SETIA,0,Humans
2024-09-06 15:03,SHETE,0,Humans
2024-09-06 15:03,SIEMNOT,0,Humans
2024-09-06 15:03,SIRIUS,0,Humans
2024-09-06 15:03,SKAT BAY,0,Humans
2024-09-06 15:03,SPHERION,0,Humans
2024-09-06 15:03,STOR THA PRIME,0,Humans
2024-09-06 15:03,STOUT,0,Humans
2024-09-06 15:03,TERMADON,0,Humans
2024-09-06 15:03,TIBIT,0,Humans
2024-09-06 15:03,TIEN KWAN,0,Humans
2024-09-06 15:03,TROOST,1,Humans
2024-09-06 15:03,UBANEA,3,Humans
2024-09-06 15:03,USTOTU,2,Humans
2024-09-06 15:03,VANDALON IV,7,Humans
2024-09-06 15:03,VARYLIA 5,0,Humans
2024-09-06 15:03,WASAT,1,Humans
2024-09-06 15:03,VEGA BAY,1,Humans
2024-09-06 15:03,WEZEN,1,Humans
2024-09-06 15:03,VINDEMITARIX PRIME,0,Automaton
2024-09-06 15:03,X-45,1,Humans
2024-09-06 15:03,YED PRIOR,0,Humans
2024-09-06 15:03,ZEFIA,0,Humans
2024-09-06 15:03,ZOSMA,0,Humans
2024-09-06 15:03,ZZANIAH PRIME,0,Humans
2024-09-06 15:03,SKITTER,0,Humans
2024-09-06 15:03,EUPHORIA III,0,Humans
2024-09-06 15:03,DIASPORA X,0,Terminids
2024-09-06 15:03,GEMSTONE BLUFFS,0,Terminids
2024-09-06 15:03,ZAGON PRIME,0,Terminids
2024-09-06 15:03,OMICRON,1,Terminids
2024-09-06 15:03,CYBERSTAN,0,Automaton
2024-09-06 16:22,SUPER EARTH,183,Humans
2024-09-06 16:22,KLEN DAHTH II,0,Humans
2024-09-06 16:22,PATHFINDER V,0,Humans
2024-09-06 16:22,WIDOW'S HARBOR,0,Humans
2024-09-06 16:22,NEW HAVEN,0,Humans
2024-09-06 16:22,PILEN V,0,Humans
2024-09-06 16:22,HYDROFALL PRIME,0,Humans
2024-09-06 16:22,ZEA RUGOSIA,0,Humans
2024-09-06 16:22,DARROWSPORT,0,Humans
2024-09-06 16:22,FORNSKOGUR II,0,Humans
2024-09-06 16:22,MIDASBURG,0,Humans
2024-09-06 16:22,CERBERUS IIIc,0,Humans
2024-09-06 16:22,PROSPERITY FALLS,0,Humans
2024-09-06 16:22,OKUL VI,0,Humans
2024-09-06 16:22,MARTYR'S BAY,0,Humans
2024-09-06 16:22,FREEDOM PEAK,0,Humans
2024-09-06 16:22,FORT UNION,0,Humans
2024-09-06 16:22,KELVINOR,0,Humans
2024-09-06 16:22,WRAITH,0,Humans
2024-09-06 16:22,IGLA,0,Humans
2024-09-06 16:22,NEW KIRUNA,0,Humans
2024-09-06 16:22,FORT JUSTICE,0,Humans
2024-09-06 16:22,ZEGEMA PARADISE,0,Humans
2024-09-06 16:22,PROVIDENCE,0,Humans
2024-09-06 16:22,PRIMORDIA,0,Humans
2024-09-06 16:22,SULFURA,0,Humans
2024-09-06 16:22,NUBLARIA I,0,Humans
2024-09-06 16:22,KRAKATWO,0,Humans
2024-09-06 16:22,VOLTERRA,0,Humans
2024-09-06 16:22,CRUCIBLE,0,Humans
2024-09-06 16:22,VEIL,0,Humans
2024-09-06 16:22,MARRE IV,0,Humans
2024-09-06 16:22,FORT SANCTUARY,0,Humans
2024-09-06 16:22,SEYSHEL BEACH,0,Humans
2024-09-06 16:22,HELLMIRE,18,Terminids
2024-09-06 16:22,EFFLUVIA,0,Humans
2024-09-06 16:22,SOLGHAST,0,Humans
2024-09-06 16:22,DILUVIA,0,Humans
2024-09-06 16:22,VIRIDIA PRIME,0,Humans
2024-09-06 16:22,OBARI,0,Humans
2024-09-06 16:22,MYRADESH,0,Humans
2024-09-06 16:22,ATRAMA,0,Humans
2024-09-06 16:22,EMERIA,0,Humans
2024-09-06 16:22,BARABOS,0,Humans
2024-09-06 16:22,FENMIRE,0,Humans
2024-09-06 16:22,MASTIA,1114,Automaton
2024-09-06 16:22,SHALLUS,0,Humans
2024-09-06 16:22,KRAKABOS,0,Humans
2024-09-06 16:22,IRIDICA,0,Humans
2024-09-06 16:22,AZTERRA,0,Humans
2024-09-06 16:22,AZUR SECUNDUS,0,Terminids
2024-09-06 16:22,IVIS,0,Humans
2024-09-06 16:22,SLIF,0,Humans
2024-09-06 16:22,CARAMOOR,0,Humans
2024-09-06 16:22,KHARST,0,Humans
2024-09-06 16:22,EUKORIA,0,Humans
2024-09-06 16:22,MYRIUM,0,Humans
2024-09-06 16:22,KERTH SECUNDUS,0,Humans
2024-09-06 16:22,PARSH,0,Humans
2024-09-06 16:22,REAF,0,Humans
2024-09-06 16:22,IRULTA,0,Humans
2024-09-06 16:22,EMORATH,0,Humans
2024-09-06 16:22,ILDUNA PRIME,0,Humans
2024-09-06 16:22,MAW,0,Humans
2024-09-06 16:22,MERIDIA,41,Humans
2024-09-06 16:22,BOREA,0,Humans
2024-09-06 16:22,CURIA,22,Humans
2024-09-06 16:22,TARSH,671,Automaton
2024-09-06 16:22,SHELT,14048,Humans
2024-09-06 16:22,IMBER,0,Humans
2024-09-06 16:22,BLISTICA,0,Humans
2024-09-06 16:22,RATCH,0,Humans
2024-09-06 16:22,JULHEIM,0,Humans
2024-09-06 16:22,VALGAARD,0,Humans
2024-09-06 16:22,ARKTURUS,0,Humans
2024-09-06 16:22,ESKER,15,Humans
2024-09-06 16:22,TERREK,0,Humans
2024-09-06 16:22,CIRRUS,0,Humans
2024-09-06 16:22,CRIMSICA,28,Humans
2024-09-06 16:22,HEETH,1,Humans
2024-09-06 16:22,VELD,0,Humans
2024-09-06 16:22,ALTA V,0,Humans
2024-09-06 16:22,URSICA XI,0,Humans
2024-09-06 16:22,INARI,0,Humans
2024-09-06 16:22,SKAASH,0,Humans
2024-09-06 16:22,MORADESH,0,Humans
2024-09-06 16:22,RASP,0,Humans
2024-09-06 16:22,BASHYR,0,Humans
2024-09-06 16:22,REGNUS,0,Humans
2024-09-06 16:22,MOG,0,Humans
2024-09-06 16:22,VALMOX,0,Humans
2024-09-06 16:22,IRO,0,Humans
2024-09-06 16:22,GRAFMERE,0,Humans
2024-09-06 16:22,NEW STOCKHOLM,0,Humans
2024-09-06 16:22,OASIS,0,Humans
2024-09-06 16:22,GENESIS PRIME,0,Humans
2024-09-06 16:22,OUTPOST 32,0,Humans
2024-09-06 16:22,CALYPSO,0,Humans
2024-09-06 16:22,ELYSIAN MEADOWS,0,Humans
2024-09-06 16:22,ALDERIDGE COVE,0,Humans
2024-09-06 16:22,TRANDOR,2575,Terminids
2024-09-06 16:22,EAST IRIDIUM TRADING BAY,0,Humans
2024-09-06 16:22,LIBERTY RIDGE,0,Humans
2024-09-06 16:22,BALDRICK PRIME,0,Humans
2024-09-06 16:22,THE WEIR,0,Humans
2024-09-06 16:22,KUPER,0,Humans
2024-09-06 16:22,OSLO STATION,0,Humans
2024-09-06 16:22,PÖPLI IX,0,Humans
2024-09-06 16:22,GUNVALD,0,Humans
2024-09-06 16:22,DOLPH,0,Humans
2024-09-06 16:22,BEKVAM III,0,Humans
2024-09-06 16:22,DUMA TYR,0,Humans
2024-09-06 16:22,VERNEN WELLS,61,Humans
2024-09-06 16:22,AESIR PASS,36,Humans
2024-09-06 16:22,AURORA BAY,0,Automaton
2024-09-06 16:22,PENTA,3,Automaton
2024-09-06 16:22,GAELLIVARE,2601,Humans
2024-09-06 16:22,VOG-SOJOTH,0,Humans
2024-09-06 16:22,KIRRIK,0,Humans
2024-09-06 16:22,MORTAX PRIME,0,Humans
2024-09-06 16:22,WILFORD STATION,0,Humans
2024-09-06 16:22,PIONEER II,0,Humans
2024-09-06 16:22,ERSON SANDS,33,Terminids
2024-09-06 16:22,SOCORRO III,10,Humans
2024-09-06 16:22,BORE ROCK,1,Humans
2024-09-06 16:22,FENRIR III,29,Humans
2024-09-06 16:22,TURING,3,Humans
2024-09-06 16:22,ANGEL'S VENTURE,1,Humans
2024-09-06 16:22,DARIUS II,0,Humans
2024-09-06 16:22,ACAMAR IV,14,Humans
2024-09-06 16:22,ACHERNAR SECUNDUS,0,Humans
2024-09-06 16:22,ACHIRD III,0,Humans
2024-09-06 16:22,ACRAB XI,0,Humans
2024-09-06 16:22,ACRUX IX,0,Humans
2024-09-06 16:22,ACUBENS PRIME,0,Humans
2024-09-06 16:22,ADHARA,0,Humans
2024-09-06 16:22,AFOYAY BAY,0,Humans
2024-09-06 16:22,AIN-5,0,Humans
2024-09-06 16:22,ALAIRT III,0,Humans
2024-09-06 16:22,ALAMAK VII,0,Humans
2024-09-06 16:22,ALARAPH,0,Humans
2024-09-06 16:22,ALATHFAR XI,0,Humans
2024-09-06 16:22,ANDAR,0,Humans
2024-09-06 16:22,ASPEROTH PRIME,0,Humans
2024-09-06 16:22,BELLATRIX,0,Humans
2024-09-06 16:22,BOTEIN,0,Humans
2024-09-06 16:22,OSUPSAM,0,Humans
2024-09-06 16:22,BRINK-2,0,Humans
2024-09-06 16:22,BUNDA SECUNDUS,0,Humans
2024-09-06 16:22,CANOPUS,0,Humans
2024-09-06 16:22,CAPH,0,Humans
2024-09-06 16:22,CASTOR,0,Humans
2024-09-06 16:22,DURGEN,0,Humans
2024-09-06 16:22,DRAUPNIR,1,Humans
2024-09-06 16:22,MORT,0,Humans
2024-09-06 16:22,INGMAR,0,Humans
2024-09-06 16:22,CHARBAL-VII,1,Humans
2024-09-06 16:22,CHARON PRIME,1,Humans
2024-09-06 16:22,CHOEPESSA IV,1,Humans
2024-09-06 16:22,CHOOHE,136,Automaton
2024-09-06 16:22,CHORT BAY,0,Automaton
2024-09-06 16:22,CLAORELL,0,Humans
2024-09-06 16:22,CLASA,0,Humans
2024-09-06 16:22,DEMIURG,0,Humans
2024-09-06 16:22,DENEB SECUNDUS,0,Humans
2024-09-06 16:22,ELECTRA BAY,0,Humans
2024-09-06 16:22,ENULIALE,0,Terminids
2024-09-06 16:22,EPSILON PHOENCIS VI,0,Terminids
2024-09-06 16:22,ERATA PRIME,11,Humans
2024-09-06 16:22,ESTANU,20,Humans
2024-09-06 16:22,FORI PRIME,10,Terminids
2024-09-06 16:22,GACRUX,2433,Terminids
2024-09-06 16:22,GAR HAREN,0,Humans
2024-09-06 16:22,GATRIA,168,Humans
2024-09-06 16:22,GEMMA,0,Humans
2024-09-06 16:22,GRAND ERRANT,0,Humans
2024-09-06 16:22,HADAR,0,Humans
2024-09-06 16:22,HAKA,0,Humans
2024-09-06 16:22,HALDUS,0,Humans
2024-09-06 16:22,HALIES PORT,0,Humans
2024-09-06 16:22,HERTHON SECUNDUS,0,Humans
2024-09-06 16:22,HESOE PRIME,0,Humans
2024-09-06 16:22,HEZE BAY,0,Humans
2024-09-06 16:22,HORT,0,Humans
2024-09-06 16:22,HYDROBIUS,0,Humans
2024-09-06 16:22,KARLIA,0,Humans
2024-09-06 16:22,KEID,0,Humans
2024-09-06 16:22,KHANDARK,0,Humans
2024-09-06 16:22,KLAKA 5,0,Humans
2024-09-06 16:22,KNETH PORT,0,Humans
2024-09-06 16:22,KRAZ,0,Humans
2024-09-06 16:22,KUMA,0,Humans
2024-09-06 16:22,LASTOFE,0,Humans
2024-09-06 16:22,LENG SECUNDUS,0,Humans
2024-09-06 16:22,LESATH,387,Automaton
2024-09-06 16:22,MAIA,1,Humans
2024-09-06 16:22,MALEVELON CREEK,0,Humans
2024-09-06 16:22,MANTES,0,Humans
2024-09-06 16:22,MARFARK,10,Humans
2024-09-06 16:22,MARTALE,1,Humans
2024-09-06 16:22,MATAR BAY,3,Humans
2024-09-06 16:22,MEISSA,1,Humans
2024-09-06 16:22,MEKBUDA,0,Automaton
2024-09-06 16:22,MENKENT,159,Automaton
2024-09-06 16:22,MERAK,0,Automaton
2024-09-06 16:22,MERGA IV,0,Automaton
2024-09-06 16:22,MINCHIR,0,Humans
2024-09-06 16:22,MINTORIA,0,Humans
2024-09-06 16:22,MORDIA 9,0,Humans
2024-09-06 16:22,NABATEA SECUNDUS,0,Terminids
2024-09-06 16:22,NAVI VII,0,Terminids
2024-09-06 16:22,NIVEL 43,17,Terminids
2024-09-06 16:22,OSHAUNE,6,Terminids
2024-09-06 16:22,OVERGOE PRIME,0,Terminids
2024-09-06 16:22,PANDION-XXIV,5199,Terminids
2024-09-06 16:22,PARTION,888,Terminids
2024-09-06 16:22,PEACOCK,0,Terminids
2024-09-06 16:22,PHACT BAY,604,Humans
2024-09-06 16:22,PHERKAD SECUNDUS,0,Humans
2024-09-06 16:22,POLARIS PRIME,0,Humans
2024-09-06 16:22,POLLUX 31,0,Humans
2024-09-06 16:22,PRASA,0,Humans
2024-09-06 16:22,PROPUS,0,Humans
2024-09-06 16:22,RAS ALGETHI,0,Humans
2024-09-06 16:22,RD-4,0,Humans
2024-09-06 16:22,ROGUE 5,0,Humans
2024-09-06 16:22,RIRGA BAY,0,Humans
2024-09-06 16:22,SEASSE,0,Humans
2024-09-06 16:22,SENGE 23,0,Humans
2024-09-06 16:22,SETIA,0,Humans
2024-09-06 16:22,SHETE,0,Humans
2024-09-06 16:22,SIEMNOT,0,Humans
2024-09-06 16:22,SIRIUS,0,Humans
2024-09-06 16:22,SKAT BAY,0,Humans
2024-09-06 16:22,SPHERION,0,Humans
2024-09-06 16:22,STOR THA PRIME,0,Humans
2024-09-06 16:22,STOUT,0,Humans
2024-09-06 16:22,TERMADON,0,Humans
2024-09-06 16:22,TIBIT,2,Humans
2024-09-06 16:22,TIEN KWAN,0,Humans
2024-09-06 16:22,TROOST,9,Humans
2024-09-06 16:22,UBANEA,1,Humans
2024-09-06 16:22,USTOTU,2,Humans
2024-09-06 16:22,VANDALON IV,6,Humans
2024-09-06 16:22,VARYLIA 5,5,Humans
2024-09-06 16:22,WASAT,7,Humans
2024-09-06 16:22,VEGA BAY,1,Humans
2024-09-06 16:22,WEZEN,2,Humans
2024-09-06 16:22,VINDEMITARIX PRIME,0,Automaton
2024-09-06 16:22,X-45,1,Humans
2024-09-06 16:22,YED PRIOR,0,Humans
2024-09-06 16:22,ZEFIA,0,Humans
2024-09-06 16:22,ZOSMA,0,Humans
2024-09-06 16:22,ZZANIAH PRIME,0,Humans
2024-09-06 16:22,SKITTER,0,Humans
2024-09-06 16:22,EUPHORIA III,0,Humans
2024-09-06 16:22,DIASPORA X,0,Terminids
2024-09-06 16:22,GEMSTONE BLUFFS,0,Terminids
2024-09-06 16:22,ZAGON PRIME,0,Terminids
2024-09-06 16:22,OMICRON,0,Terminids
2024-09-06 16:22,CYBERSTAN,0,Automaton
2024-09-06 17:06,SUPER EARTH,162,Humans
2024-09-06 17:06,KLEN DAHTH II,0,Humans
2024-09-06 17:06,PATHFINDER V,0,Humans
2024-09-06 17:06,WIDOW'S HARBOR,0,Humans
2024-09-06 17:06,NEW HAVEN,0,Humans
2024-09-06 17:06,PILEN V,0,Humans
2024-09-06 17:06,HYDROFALL PRIME,0,Humans
2024-09-06 17:06,ZEA RUGOSIA,0,Humans
2024-09-06 17:06,DARROWSPORT,0,Humans
2024-09-06 17:06,FORNSKOGUR II,0,Humans
2024-09-06 17:06,MIDASBURG,0,Humans
2024-09-06 17:06,CERBERUS IIIc,0,Humans
2024-09-06 17:06,PROSPERITY FALLS,0,Humans
2024-09-06 17:06,OKUL VI,0,Humans
2024-09-06 17:06,MARTYR'S BAY,0,Humans
2024-09-06 17:06,FREEDOM PEAK,0,Humans
2024-09-06 17:06,FORT UNION,0,Humans
2024-09-06 17:06,KELVINOR,0,Humans
2024-09-06 17:06,WRAITH,0,Humans
2024-09-06 17:06,IGLA,0,Humans
2024-09-06 17:06,NEW KIRUNA,0,Humans
2024-09-06 17:06,FORT JUSTICE,0,Humans
2024-09-06 17:06,ZEGEMA PARADISE,0,Humans
2024-09-06 17:06,PROVIDENCE,0,Humans
2024-09-06 17:06,PRIMORDIA,0,Humans
2024-09-06 17:06,SULFURA,0,Humans
2024-09-06 17:06,NUBLARIA I,0,Humans
2024-09-06 17:06,KRAKATWO,0,Humans
2024-09-06 17:06,VOLTERRA,0,Humans
2024-09-06 17:06,CRUCIBLE,0,Humans
2024-09-06 17:06,VEIL,0,Humans
2024-09-06 17:06,MARRE IV,0,Humans
2024-09-06 17:06,FORT SANCTUARY,0,Humans
2024-09-06 17:06,SEYSHEL BEACH,0,Humans
2024-09-06 17:06,HELLMIRE,15,Terminids
2024-09-06 17:06,EFFLUVIA,0,Humans
2024-09-06 17:06,SOLGHAST,0,Humans
2024-09-06 17:06,DILUVIA,0,Humans
2024-09-06 17:06,VIRIDIA PRIME,0,Humans
2024-09-06 17:06,OBARI,0,Humans
2024-09-06 17:06,MYRADESH,0,Humans
2024-09-06 17:06,ATRAMA,0,Humans
2024-09-06 17:06,EMERIA,0,Humans
2024-09-06 17:06,BARABOS,0,Humans
2024-09-06 17:06,FENMIRE,0,Humans
2024-09-06 17:06,MASTIA,1000,Automaton
2024-09-06 17:06,SHALLUS,0,Humans
2024-09-06 17:06,KRAKABOS,0,Humans
2024-09-06 17:06,IRIDICA,0,Humans
2024-09-06 17:06,AZTERRA,0,Humans
2024-09-06 17:06,AZUR SECUNDUS,0,Terminids
2024-09-06 17:06,IVIS,0,Humans
2024-09-06 17:06,SLIF,0,Humans
2024-09-06 17:06,CARAMOOR,0,Humans
2024-09-06 17:06,KHARST,0,Humans
2024-09-06 17:06,EUKORIA,0,Humans
2024-09-06 17:06,MYRIUM,0,Humans
2024-09-06 17:06,KERTH SECUNDUS,0,Humans
2024-09-06 17:06,PARSH,0,Humans
2024-09-06 17:06,REAF,0,Humans
2024-09-06 17:06,IRULTA,0,Humans
2024-09-06 17:06,EMORATH,0,Humans
2024-09-06 17:06,ILDUNA PRIME,0,Humans
2024-09-06 17:06,MAW,0,Humans
2024-09-06 17:06,MERIDIA,61,Humans
2024-09-06 17:06,BOREA,0,Humans
2024-09-06 17:06,CURIA,20,Humans
2024-09-06 17:06,TARSH,650,Automaton
2024-09-06 17:06,SHELT,13223,Humans
2024-09-06 17:06,IMBER,0,Humans
2024-09-06 17:06,BLISTICA,0,Humans
2024-09-06 17:06,RATCH,0,Humans
2024-09-06 17:06,JULHEIM,0,Humans
2024-09-06 17:06,VALGAARD,0,Humans
2024-09-06 17:06,ARKTURUS,0,Humans
2024-09-06 17:06,ESKER,15,Humans
2024-09-06 17:06,TERREK,0,Humans
2024-09-06 17:06,CIRRUS,0,Humans
2024-09-06 17:06,CRIMSICA,29,Humans
2024-09-06 17:06,HEETH,0,Humans
2024-09-06 17:06,VELD,0,Humans
2024-09-06 17:06,ALTA V,0,Humans
2024-09-06 17:06,URSICA XI,0,Humans
2024-09-06 17:06,INARI,0,Humans
2024-09-06 17:06,SKAASH,0,Humans
2024-09-06 17:06,MORADESH,0,Humans
2024-09-06 17:06,RASP,0,Humans
2024-09-06 17:06,BASHYR,0,Humans
2024-09-06 17:06,REGNUS,0,Humans
2024-09-06 17:06,MOG,0,Humans
2024-09-06 17:06,VALMOX,0,Humans
2024-09-06 17:06,IRO,0,Humans
2024-09-06 17:06,GRAFMERE,0,Humans
2024-09-06 17:06,NEW STOCKHOLM,0,Humans
2024-09-06 17:06,OASIS,0,Humans
2024-09-06 17:06,GENESIS PRIME,0,Humans
2024-09-06 17:06,OUTPOST 32,0,Humans
2024-09-06 17:06,CALYPSO,0,Humans
2024-09-06 17:06,ELYSIAN MEADOWS,0,Humans
2024-09-06 17:06,ALDERIDGE COVE,0,Humans
2024-09-06 17:06,TRANDOR,2348,Terminids
2024-09-06 17:06,EAST IRIDIUM TRADING BAY,0,Humans
2024-09-06 17:06,LIBERTY RIDGE,0,Humans
2024-09-06 17:06,BALDRICK PRIME,0,Humans
2024-09-06 17:06,THE WEIR,0,Humans
2024-09-06 17:06,KUPER,0,Humans
2024-09-06 17:06,OSLO STATION,0,Humans
2024-09-06 17:06,PÖPLI IX,0,Humans
2024-09-06 17:06,GUNVALD,0,Humans
2024-09-06 17:06,DOLPH,0,Humans
2024-09-06 17:06,BEKVAM III,0,Humans
2024-09-06 17:06,DUMA TYR,0,Humans
2024-09-06 17:06,VERNEN WELLS,58,Humans
2024-09-06 17:06,AESIR PASS,26,Humans
2024-09-06 17:06,AURORA BAY,0,Automaton
2024-09-06 17:06,PENTA,0,Automaton
2024-09-06 17:06,GAELLIVARE,2480,Humans
2024-09-06 17:06,VOG-SOJOTH,0,Humans
2024-09-06 17:06,KIRRIK,0,Humans
2024-09-06 17:06,MORTAX PRIME,0,Humans
2024-09-06 17:06,WILFORD STATION,0,Humans
2024-09-06 17:06,PIONEER II,0,Humans
2024-09-06 17:06,ERSON SANDS,22,Terminids
2024-09-06 17:06,SOCORRO III,7,Humans
2024-09-06 17:06,BORE ROCK,2,Humans
2024-09-06 17:06,FENRIR III,30,Humans
2024-09-06 17:06,TURING,7,Humans
2024-09-06 17:06,ANGEL'S VENTURE,4,Humans
2024-09-06 17:06,DARIUS II,0,Humans
2024-09-06 17:06,ACAMAR IV,14,Humans
2024-09-06 17:06,ACHERNAR SECUNDUS,0,Humans
2024-09-06 17:06,ACHIRD III,0,Humans
2024-09-06 17:06,ACRAB XI,0,Humans
2024-09-06 17:06,ACRUX IX,0,Humans
2024-09-06 17:06,ACUBENS PRIME,0,Humans
2024-09-06 17:06,ADHARA,0,Humans
2024-09-06 17:06,AFOYAY BAY,0,Humans
2024-09-06 17:06,AIN-5,0,Humans
2024-09-06 17:06,ALAIRT III,0,Humans
2024-09-06 17:06,ALAMAK VII,0,Humans
2024-09-06 17:06,ALARAPH,0,Humans
2024-09-06 17:06,ALATHFAR XI,0,Humans
2024-09-06 17:06,ANDAR,0,Humans
2024-09-06 17:06,ASPEROTH PRIME,0,Humans
2024-09-06 17:06,BELLATRIX,0,Humans
2024-09-06 17:06,BOTEIN,0,Humans
2024-09-06 17:06,OSUPSAM,0,Humans
2024-09-06 17:06,BRINK-2,0,Humans
2024-09-06 17:06,BUNDA SECUNDUS,0,Humans
2024-09-06 17:06,CANOPUS,0,Humans
2024-09-06 17:06,CAPH,0,Humans
2024-09-06 17:06,CASTOR,0,Humans
2024-09-06 17:06,DURGEN,1,Humans
2024-09-06 17:06,DRAUPNIR,0,Humans
2024-09-06 17:06,MORT,0,Humans
2024-09-06 17:06,INGMAR,0,Humans
2024-09-06 17:06,CHARBAL-VII,1,Humans
2024-09-06 17:06,CHARON PRIME,0,Humans
2024-09-06 17:06,CHOEPESSA IV,1,Humans
2024-09-06 17:06,CHOOHE,130,Automaton
2024-09-06 17:06,CHORT BAY,1,Automaton
2024-09-06 17:06,CLAORELL,0,Humans
2024-09-06 17:06,CLASA,0,Humans
2024-09-06 17:06,DEMIURG,0,Humans
2024-09-06 17:06,DENEB SECUNDUS,0,Humans
2024-09-06 17:06,ELECTRA BAY,0,Humans
2024-09-06 17:06,ENULIALE,0,Terminids
2024-09-06 17:06,EPSILON PHOENCIS VI,0,Terminids
2024-09-06 17:06,ERATA PRIME,9,Humans
2024-09-06 17:06,ESTANU,18,Humans
2024-09-06 17:06,FORI PRIME,19,Terminids
2024-09-06 17:06,GACRUX,2287,Terminids
2024-09-06 17:06,GAR HAREN,0,Humans
2024-09-06 17:06,GATRIA,168,Humans
2024-09-06 17:06,GEMMA,0,Humans
2024-09-06 17:06,GRAND ERRANT,0,Humans
2024-09-06 17:06,HADAR,0,Humans
2024-09-06 17:06,HAKA,0,Humans
2024-09-06 17:06,HALDUS,0,Humans
2024-09-06 17:06,HALIES PORT,0,Humans
2024-09-06 17:06,HERTHON SECUNDUS,0,Humans
2024-09-06 17:06,HESOE PRIME,0,Humans
2024-09-06 17:06,HEZE BAY,0,Humans
2024-09-06 17:06,HORT,0,Humans
2024-09-06 17:06,HYDROBIUS,0,Humans
2024-09-06 17:06,KARLIA,0,Humans
2024-09-06 17:06,KEID,0,Humans
2024-09-06 17:06,KHANDARK,0,Humans
2024-09-06 17:06,KLAKA 5,0,Humans
2024-09-06 17:06,KNETH PORT,0,Humans
2024-09-06 17:06,KRAZ,0,Humans
2024-09-06 17:06,KUMA,0,Humans
2024-09-06 17:06,LASTOFE,0,Humans
2024-09-06 17:06,LENG SECUNDUS,0,Humans
2024-09-06 17:06,LESATH,350,Automaton
2024-09-06 17:06,MAIA,0,Humans
2024-09-06 17:06,MALEVELON CREEK,4,Humans
2024-09-06 17:06,MANTES,0,Humans
2024-09-06 17:06,MARFARK,5,Humans
2024-09-06 17:06,MARTALE,2,Humans
2024-09-06 17:06,MATAR BAY,7,Humans
2024-09-06 17:06,MEISSA,0,Humans
2024-09-06 17:06,MEKBUDA,0,Automaton
2024-09-06 17:06,MENKENT,151,Automaton
2024-09-06 17:06,MERAK,0,Automaton
2024-09-06 17:06,MERGA IV,0,Automaton
2024-09-06 17:06,MINCHIR,0,Humans
2024-09-06 17:06,MINTORIA,0,Humans
2024-09-06 17:06,MORDIA 9,0,Humans
2024-09-06 17:06,NABATEA SECUNDUS,0,Terminids
2024-09-06 17:06,NAVI VII,0,Terminids
2024-09-06 17:06,NIVEL 43,7,Terminids
2024-09-06 17:06,OSHAUNE,1,Terminids
2024-09-06 17:06,OVERGOE PRIME,0,Terminids
2024-09-06 17:06,PANDION-XXIV,5038,Terminids
2024-09-06 17:06,PARTION,845,Terminids
2024-09-06 17:06,PEACOCK,0,Terminids
2024-09-06 17:06,PHACT BAY,632,Humans
2024-09-06 17:06,PHERKAD SECUNDUS,0,Humans
2024-09-06 17:06,POLARIS PRIME,0,Humans
2024-09-06 17:06,POLLUX 31,0,Humans
2024-09-06 17:06,PRASA,0,Humans
2024-09-06 17:06,PROPUS,0,Humans
2024-09-06 17:06,RAS ALGETHI,0,Humans
2024-09-06 17:06,RD-4,0,Humans
2024-09-06 17:06,ROGUE 5,0,Humans
2024-09-06 17:06,RIRGA BAY,0,Humans
2024-09-06 17:06,SEASSE,0,Humans
2024-09-06 17:06,SENGE 23,0,Humans
2024-09-06 17:06,SETIA,0,Humans
2024-09-06 17:06,SHETE,0,Humans
2024-09-06 17:06,SIEMNOT,0,Humans
2024-09-06 17:06,SIRIUS,0,Humans
2024-09-06 17:06,SKAT BAY,0,Humans
2024-09-06 17:06,SPHERION,0,Humans
2024-09-06 17:06,STOR THA PRIME,0,Humans
2024-09-06 17:06,STOUT,0,Humans
2024-09-06 17:06,TERMADON,0,Humans
2024-09-06 17:06,TIBIT,0,Humans
2024-09-06 17:06,TIEN KWAN,0,Humans
2024-09-06 17:06,TROOST,11,Humans
2024-09-06 17:06,UBANEA,2,Humans
2024-09-06 17:06,USTOTU,0,Humans
2024-09-06 17:06,VANDALON IV,8,Humans
2024-09-06 17:06,VARYLIA 5,3,Humans
2024-09-06 17:06,WASAT,1,Humans
2024-09-06 17:06,VEGA BAY,1,Humans
2024-09-06 17:06,WEZEN,3,Humans
2024-09-06 17:06,VINDEMITARIX PRIME,0,Automaton
2024-09-06 17:06,X-45,3,Humans
2024-09-06 17:06,YED PRIOR,0,Humans
2024-09-06 17:06,ZEFIA,0,Humans
2024-09-06 17:06,ZOSMA,0,Humans
2024-09-06 17:06,ZZANIAH PRIME,0,Humans
2024-09-06 17:06,SKITTER,0,Humans
2024-09-06 17:06,EUPHORIA III,0,Humans
2024-09-06 17:06,DIASPORA X,0,Terminids
2024-09-06 17:06,GEMSTONE BLUFFS,0,Terminids
2024-09-06 17:06,ZAGON PRIME,0,Terminids
2024-09-06 17:06,OMICRON,3,Terminids
2024-09-06 17:06,CYBERSTAN,0,Automaton
2024-09-07 09:32,SUPER EARTH,150,Humans
2024-09-07 09:32,KLEN DAHTH II,0,Humans
2024-09-07 09:32,PATHFINDER V,0,Humans
2024-09-07 09:32,WIDOW'S HARBOR,0,Humans
2024-09-07 09:32,NEW HAVEN,0,Humans
2024-09-07 09:32,PILEN V,0,Humans
2024-09-07 09:32,HYDROFALL PRIME,0,Humans
2024-09-07 09:32,ZEA RUGOSIA,0,Humans
2024-09-07 09:32,DARROWSPORT,0,Humans
2024-09-07 09:32,FORNSKOGUR II,0,Humans
2024-09-07 09:32,MIDASBURG,0,Humans
2024-09-07 09:32,CERBERUS IIIc,0,Humans
2024-09-07 09:32,PROSPERITY FALLS,0,Humans
2024-09-07 09:32,OKUL VI,0,Humans
2024-09-07 09:32,MARTYR'S BAY,0,Humans
2024-09-07 09:32,FREEDOM PEAK,0,Humans
2024-09-07 09:32,FORT UNION,0,Humans
2024-09-07 09:32,KELVINOR,0,Humans
2024-09-07 09:32,WRAITH,0,Humans
2024-09-07 09:32,IGLA,0,Humans
2024-09-07 09:32,NEW KIRUNA,0,Humans
2024-09-07 09:32,FORT JUSTICE,0,Humans
2024-09-07 09:32,ZEGEMA PARADISE,0,Humans
2024-09-07 09:32,PROVIDENCE,0,Humans
2024-09-07 09:32,PRIMORDIA,0,Humans
2024-09-07 09:32,SULFURA,0,Humans
2024-09-07 09:32,NUBLARIA I,0,Humans
2024-09-07 09:32,KRAKATWO,0,Humans
2024-09-07 09:32,VOLTERRA,0,Humans
2024-09-07 09:32,CRUCIBLE,0,Humans
2024-09-07 09:32,VEIL,0,Humans
2024-09-07 09:32,MARRE IV,0,Humans
2024-09-07 09:32,FORT SANCTUARY,0,Humans
2024-09-07 09:32,SEYSHEL BEACH,0,Humans
2024-09-07 09:32,HELLMIRE,8,Terminids
2024-09-07 09:32,EFFLUVIA,0,Humans
2024-09-07 09:32,SOLGHAST,0,Humans
2024-09-07 09:32,DILUVIA,0,Humans
2024-09-07 09:32,VIRIDIA PRIME,0,Humans
2024-09-07 09:32,OBARI,0,Humans
2024-09-07 09:32,MYRADESH,0,Humans
2024-09-07 09:32,ATRAMA,0,Humans
2024-09-07 09:32,EMERIA,0,Humans
2024-09-07 09:32,BARABOS,0,Humans
2024-09-07 09:32,FENMIRE,0,Humans
2024-09-07 09:32,MASTIA,935,Automaton
2024-09-07 09:32,SHALLUS,0,Humans
2024-09-07 09:32,KRAKABOS,0,Humans
2024-09-07 09:32,IRIDICA,0,Humans
2024-09-07 09:32,AZTERRA,0,Humans
2024-09-07 09:32,AZUR SECUNDUS,0,Terminids
2024-09-07 09:32,IVIS,0,Humans
2024-09-07 09:32,SLIF,0,Humans
2024-09-07 09:32,CARAMOOR,0,Humans
2024-09-07 09:32,KHARST,0,Humans
2024-09-07 09:32,EUKORIA,0,Humans
2024-09-07 09:32,MYRIUM,0,Humans
2024-09-07 09:32,KERTH SECUNDUS,0,Humans
2024-09-07 09:32,PARSH,0,Humans
2024-09-07 09:32,REAF,0,Humans
2024-09-07 09:32,IRULTA,0,Humans
2024-09-07 09:32,EMORATH,0,Humans
2024-09-07 09:32,ILDUNA PRIME,0,Humans
2024-09-07 09:32,MAW,0,Humans
2024-09-07 09:32,MERIDIA,43,Humans
2024-09-07 09:32,BOREA,0,Humans
2024-09-07 09:32,CURIA,18,Humans
2024-09-07 09:32,TARSH,651,Automaton
2024-09-07 09:32,SHELT,334,Humans
2024-09-07 09:32,IMBER,0,Humans
2024-09-07 09:32,BLISTICA,0,Humans
2024-09-07 09:32,RATCH,0,Humans
2024-09-07 09:32,JULHEIM,0,Humans
2024-09-07 09:32,VALGAARD,0,Humans
2024-09-07 09:32,ARKTURUS,0,Humans
2024-09-07 09:32,ESKER,17,Humans
2024-09-07 09:32,TERREK,0,Humans
2024-09-07 09:32,CIRRUS,0,Humans
2024-09-07 09:32,CRIMSICA,26,Humans
2024-09-07 09:32,HEETH,3,Humans
2024-09-07 09:32,VELD,6,Humans
2024-09-07 09:32,ALTA V,0,Humans
2024-09-07 09:32,URSICA XI,0,Humans
2024-09-07 09:32,INARI,0,Humans
2024-09-07 09:32,SKAASH,0,Humans
2024-09-07 09:32,MORADESH,0,Humans
2024-09-07 09:32,RASP,0,Humans
2024-09-07 09:32,BASHYR,0,Humans
2024-09-07 09:32,REGNUS,0,Humans
2024-09-07 09:32,MOG,0,Humans
2024-09-07 09:32,VALMOX,0,Humans
2024-09-07 09:32,IRO,0,Humans
2024-09-07 09:32,GRAFMERE,0,Humans
2024-09-07 09:32,NEW STOCKHOLM,0,Humans
2024-09-07 09:32,OASIS,0,Humans
2024-09-07 09:32,GENESIS PRIME,0,Humans
2024-09-07 09:32,OUTPOST 32,0,Humans
2024-09-07 09:32,CALYPSO,0,Humans
2024-09-07 09:32,ELYSIAN MEADOWS,0,Humans
2024-09-07 09:32,ALDERIDGE COVE,0,Humans
2024-09-07 09:32,TRANDOR,2410,Terminids
2024-09-07 09:32,EAST IRIDIUM TRADING BAY,0,Humans
2024-09-07 09:32,LIBERTY RIDGE,0,Humans
2024-09-07 09:32,BALDRICK PRIME,0,Humans
2024-09-07 09:32,THE WEIR,0,Humans
2024-09-07 09:32,KUPER,0,Humans
2024-09-07 09:32,OSLO STATION,0,Humans
2024-09-07 09:32,PÖPLI IX,0,Humans
2024-09-07 09:32,GUNVALD,0,Humans
2024-09-07 09:32,DOLPH,0,Humans
2024-09-07 09:32,BEKVAM III,0,Humans
2024-09-07 09:32,DUMA TYR,0,Humans
2024-09-07 09:32,VERNEN WELLS,41,Humans
2024-09-07 09:32,AESIR PASS,16,Humans
2024-09-07 09:32,AURORA BAY,0,Automaton
2024-09-07 09:32,PENTA,0,Automaton
2024-09-07 09:32,GAELLIVARE,12900,Humans
2024-09-07 09:32,VOG-SOJOTH,0,Humans
2024-09-07 09:32,KIRRIK,0,Humans
2024-09-07 09:32,MORTAX PRIME,0,Humans
2024-09-07 09:32,WILFORD STATION,0,Humans
2024-09-07 09:32,PIONEER II,0,Humans
2024-09-07 09:32,ERSON SANDS,22,Terminids
2024-09-07 09:32,SOCORRO III,2,Humans
2024-09-07 09:32,BORE ROCK,4,Humans
2024-09-07 09:32,FENRIR III,39,Humans
2024-09-07 09:32,TURING,7,Humans
2024-09-07 09:32,ANGEL'S VENTURE,2,Humans
2024-09-07 09:32,DARIUS II,0,Humans
2024-09-07 09:32,ACAMAR IV,20,Humans
2024-09-07 09:32,ACHERNAR SECUNDUS,0,Humans
2024-09-07 09:32,ACHIRD III,0,Humans
2024-09-07 09:32,ACRAB XI,0,Humans
2024-09-07 09:32,ACRUX IX,0,Humans
2024-09-07 09:32,ACUBENS PRIME,0,Humans
2024-09-07 09:32,ADHARA,0,Humans
2024-09-07 09:32,AFOYAY BAY,0,Humans
2024-09-07 09:32,AIN-5,0,Humans
2024-09-07 09:32,ALAIRT III,0,Humans
2024-09-07 09:32,ALAMAK VII,0,Humans
2024-09-07 09:32,ALARAPH,0,Humans
2024-09-07 09:32,ALATHFAR XI,0,Humans
2024-09-07 09:32,ANDAR,0,Humans
2024-09-07 09:32,ASPEROTH PRIME,0,Humans
2024-09-07 09:32,BELLATRIX,0,Humans
2024-09-07 09:32,BOTEIN,0,Humans
2024-09-07 09:32,OSUPSAM,0,Humans
2024-09-07 09:32,BRINK-2,0,Humans
2024-09-07 09:32,BUNDA SECUNDUS,0,Humans
2024-09-07 09:32,CANOPUS,0,Humans
2024-09-07 09:32,CAPH,0,Humans
2024-09-07 09:32,CASTOR,0,Humans
2024-09-07 09:32,DURGEN,2,Humans
2024-09-07 09:32,DRAUPNIR,0,Humans
2024-09-07 09:32,MORT,0,Humans
2024-09-07 09:32,INGMAR,0,Humans
2024-09-07 09:32,CHARBAL-VII,1,Humans
2024-09-07 09:32,CHARON PRIME,0,Humans
2024-09-07 09:32,CHOEPESSA IV,0,Humans
2024-09-07 09:32,CHOOHE,150,Automaton
2024-09-07 09:32,CHORT BAY,3,Automaton
2024-09-07 09:32,CLAORELL,0,Humans
2024-09-07 09:32,CLASA,0,Humans
2024-09-07 09:32,DEMIURG,0,Humans
2024-09-07 09:32,DENEB SECUNDUS,0,Humans
2024-09-07 09:32,ELECTRA BAY,0,Humans
2024-09-07 09:32,ENULIALE,0,Terminids
2024-09-07 09:32,EPSILON PHOENCIS VI,0,Terminids
2024-09-07 09:32,ERATA PRIME,9,Humans
2024-09-07 09:32,ESTANU,19,Humans
2024-09-07 09:32,FORI PRIME,8,Terminids
2024-09-07 09:32,GACRUX,1789,Terminids
2024-09-07 09:32,GAR HAREN,0,Humans
2024-09-07 09:32,GATRIA,87,Humans
2024-09-07 09:32,GEMMA,0,Humans
2024-09-07 09:32,GRAND ERRANT,0,Humans
2024-09-07 09:32,HADAR,0,Humans
2024-09-07 09:32,HAKA,0,Humans
2024-09-07 09:32,HALDUS,0,Humans
2024-09-07 09:32,HALIES PORT,0,Humans
2024-09-07 09:32,HERTHON SECUNDUS,0,Humans
2024-09-07 09:32,HESOE PRIME,0,Humans
2024-09-07 09:32,HEZE BAY,0,Humans
2024-09-07 09:32,HORT,0,Humans
2024-09-07 09:32,HYDROBIUS,0,Humans
2024-09-07 09:32,KARLIA,0,Humans
2024-09-07 09:32,KEID,0,Humans
2024-09-07 09:32,KHANDARK,0,Humans
2024-09-07 09:32,KLAKA 5,0,Humans
2024-09-07 09:32,KNETH PORT,0,Humans
2024-09-07 09:32,KRAZ,0,Humans
2024-09-07 09:32,KUMA,0,Humans
2024-09-07 09:32,LASTOFE,0,Humans
2024-09-07 09:32,LENG SECUNDUS,0,Humans
2024-09-07 09:32,LESATH,709,Automaton
2024-09-07 09:32,MAIA,0,Humans
2024-09-07 09:32,MALEVELON CREEK,2,Humans
2024-09-07 09:32,MANTES,0,Humans
2024-09-07 09:32,MARFARK,3,Humans
2024-09-07 09:32,MARTALE,3,Humans
2024-09-07 09:32,MATAR BAY,5,Humans
2024-09-07 09:32,MEISSA,3,Humans
2024-09-07 09:32,MEKBUDA,0,Automaton
2024-09-07 09:32,MENKENT,141,Automaton
2024-09-07 09:32,MERAK,0,Automaton
2024-09-07 09:32,MERGA IV,0,Automaton
2024-09-07 09:32,MINCHIR,0,Humans
2024-09-07 09:32,MINTORIA,0,Humans
2024-09-07 09:32,MORDIA 9,0,Humans
2024-09-07 09:32,NABATEA SECUNDUS,0,Terminids
2024-09-07 09:32,NAVI VII,0,Terminids
2024-09-07 09:32,NIVEL 43,10,Terminids
2024-09-07 09:32,OSHAUNE,2,Terminids
2024-09-07 09:32,OVERGOE PRIME,0,Terminids
2024-09-07 09:32,PANDION-XXIV,4324,Terminids
2024-09-07 09:32,PARTION,749,Terminids
2024-09-07 09:32,PEACOCK,0,Terminids
2024-09-07 09:32,PHACT BAY,188,Humans
2024-09-07 09:32,PHERKAD SECUNDUS,0,Humans
2024-09-07 09:32,POLARIS PRIME,0,Humans
2024-09-07 09:32,POLLUX 31,0,Humans
2024-09-07 09:32,PRASA,0,Humans
2024-09-07 09:32,PROPUS,0,Humans
2024-09-07 09:32,RAS ALGETHI,0,Humans
2024-09-07 09:32,RD-4,0,Humans
2024-09-07 09:32,ROGUE 5,0,Humans
2024-09-07 09:32,RIRGA BAY,0,Humans
2024-09-07 09:32,SEASSE,0,Humans
2024-09-07 09:32,SENGE 23,0,Humans
2024-09-07 09:32,SETIA,0,Humans
2024-09-07 09:32,SHETE,0,Humans
2024-09-07 09:32,SIEMNOT,0,Humans
2024-09-07 09:32,SIRIUS,0,Humans
2024-09-07 09:32,SKAT BAY,0,Humans
2024-09-07 09:32,SPHERION,0,Humans
2024-09-07 09:32,STOR THA PRIME,0,Humans
2024-09-07 09:32,STOUT,0,Humans
2024-09-07 09:32,TERMADON,0,Humans
2024-09-07 09:32,TIBIT,0,Humans
2024-09-07 09:32,TIEN KWAN,0,Humans
2024-09-07 09:32,TROOST,2,Humans
2024-09-07 09:32,UBANEA,1,Humans
2024-09-07 09:32,USTOTU,1,Humans
2024-09-07 09:32,VANDALON IV,3,Humans
2024-09-07 09:32,VARYLIA 5,1,Humans
2024-09-07 09:32,WASAT,1,Humans
2024-09-07 09:32,VEGA BAY,1,Humans
2024-09-07 09:32,WEZEN,1,Humans
2024-09-07 09:32,VINDEMITARIX PRIME,0,Automaton
2024-09-07 09:32,X-45,0,Humans
2024-09-07 09:32,YED PRIOR,0,Humans
2024-09-07 09:32,ZEFIA,0,Humans
2024-09-07 09:32,ZOSMA,0,Humans
2024-09-07 09:32,ZZANIAH PRIME,0,Humans
2024-09-07 09:32,SKITTER,0,Humans
2024-09-07 09:32,EUPHORIA III,0,Humans
2024-09-07 09:32,DIASPORA X,0,Terminids
2024-09-07 09:32,GEMSTONE BLUFFS,0,Terminids
2024-09-07 09:32,ZAGON PRIME,0,Terminids
2024-09-07 09:32,OMICRON,0,Terminids
2024-09-07 09:32,CYBERSTAN,0,Automaton
2024-09-09 09:01,SUPER EARTH,102,Humans
2024-09-09 09:01,KLEN DAHTH II,0,Humans
2024-09-09 09:01,PATHFINDER V,0,Humans
2024-09-09 09:01,WIDOW'S HARBOR,0,Humans
2024-09-09 09:01,NEW HAVEN,0,Humans
2024-09-09 09:01,PILEN V,0,Humans
2024-09-09 09:01,HYDROFALL PRIME,0,Humans
2024-09-09 09:01,ZEA RUGOSIA,0,Humans
2024-09-09 09:01,DARROWSPORT,0,Humans
2024-09-09 09:01,FORNSKOGUR II,0,Humans
2024-09-09 09:01,MIDASBURG,0,Humans
2024-09-09 09:01,CERBERUS IIIc,0,Humans
2024-09-09 09:01,PROSPERITY FALLS,0,Humans
2024-09-09 09:01,OKUL VI,0,Humans
2024-09-09 09:01,MARTYR'S BAY,0,Humans
2024-09-09 09:01,FREEDOM PEAK,0,Humans
2024-09-09 09:01,FORT UNION,0,Humans
2024-09-09 09:01,KELVINOR,0,Humans
2024-09-09 09:01,WRAITH,0,Humans
2024-09-09 09:01,IGLA,0,Humans
2024-09-09 09:01,NEW KIRUNA,0,Humans
2024-09-09 09:01,FORT JUSTICE,0,Humans
2024-09-09 09:01,ZEGEMA PARADISE,0,Humans
2024-09-09 09:01,PROVIDENCE,0,Humans
2024-09-09 09:01,PRIMORDIA,0,Humans
2024-09-09 09:01,SULFURA,0,Humans
2024-09-09 09:01,NUBLARIA I,0,Humans
2024-09-09 09:01,KRAKATWO,0,Humans
2024-09-09 09:01,VOLTERRA,0,Humans
2024-09-09 09:01,CRUCIBLE,0,Humans
2024-09-09 09:01,VEIL,0,Humans
2024-09-09 09:01,MARRE IV,0,Humans
2024-09-09 09:01,FORT SANCTUARY,0,Humans
2024-09-09 09:01,SEYSHEL BEACH,0,Humans
2024-09-09 09:01,HELLMIRE,5,Terminids
2024-09-09 09:01,EFFLUVIA,0,Humans
2024-09-09 09:01,SOLGHAST,0,Humans
2024-09-09 09:01,DILUVIA,0,Humans
2024-09-09 09:01,VIRIDIA PRIME,0,Humans
2024-09-09 09:01,OBARI,0,Humans
2024-09-09 09:01,MYRADESH,0,Humans
2024-09-09 09:01,ATRAMA,0,Humans
2024-09-09 09:01,EMERIA,0,Humans
2024-09-09 09:01,BARABOS,0,Humans
2024-09-09 09:01,FENMIRE,0,Humans
2024-09-09 09:01,MASTIA,287,Automaton
2024-09-09 09:01,SHALLUS,0,Humans
2024-09-09 09:01,KRAKABOS,0,Humans
2024-09-09 09:01,IRIDICA,0,Humans
2024-09-09 09:01,AZTERRA,0,Humans
2024-09-09 09:01,AZUR SECUNDUS,0,Terminids
2024-09-09 09:01,IVIS,0,Humans
2024-09-09 09:01,SLIF,0,Humans
2024-09-09 09:01,CARAMOOR,0,Humans
2024-09-09 09:01,KHARST,0,Humans
2024-09-09 09:01,EUKORIA,0,Humans
2024-09-09 09:01,MYRIUM,0,Humans
2024-09-09 09:01,KERTH SECUNDUS,0,Humans
2024-09-09 09:01,PARSH,0,Humans
2024-09-09 09:01,REAF,0,Humans
2024-09-09 09:01,IRULTA,0,Humans
2024-09-09 09:01,EMORATH,0,Humans
2024-09-09 09:01,ILDUNA PRIME,0,Humans
2024-09-09 09:01,MAW,0,Humans
2024-09-09 09:01,MERIDIA,19,Humans
2024-09-09 09:01,BOREA,0,Humans
2024-09-09 09:01,CURIA,6,Humans
2024-09-09 09:01,TARSH,301,Automaton
2024-09-09 09:01,SHELT,26,Humans
2024-09-09 09:01,IMBER,6369,Humans
2024-09-09 09:01,BLISTICA,0,Humans
2024-09-09 09:01,RATCH,0,Humans
2024-09-09 09:01,JULHEIM,0,Humans
2024-09-09 09:01,VALGAARD,0,Humans
2024-09-09 09:01,ARKTURUS,0,Humans
2024-09-09 09:01,ESKER,6,Humans
2024-09-09 09:01,TERREK,0,Humans
2024-09-09 09:01,CIRRUS,0,Humans
2024-09-09 09:01,CRIMSICA,9,Humans
2024-09-09 09:01,HEETH,4,Humans
2024-09-09 09:01,VELD,1,Humans
2024-09-09 09:01,ALTA V,0,Humans
2024-09-09 09:01,URSICA XI,0,Humans
2024-09-09 09:01,INARI,0,Humans
2024-09-09 09:01,SKAASH,0,Humans
2024-09-09 09:01,MORADESH,0,Humans
2024-09-09 09:01,RASP,0,Humans
2024-09-09 09:01,BASHYR,0,Humans
2024-09-09 09:01,REGNUS,0,Humans
2024-09-09 09:01,MOG,0,Humans
2024-09-09 09:01,VALMOX,0,Humans
2024-09-09 09:01,IRO,0,Humans
2024-09-09 09:01,GRAFMERE,0,Humans
2024-09-09 09:01,NEW STOCKHOLM,0,Humans
2024-09-09 09:01,OASIS,0,Humans
2024-09-09 09:01,GENESIS PRIME,0,Humans
2024-09-09 09:01,OUTPOST 32,0,Humans
2024-09-09 09:01,CALYPSO,0,Humans
2024-09-09 09:01,ELYSIAN MEADOWS,0,Humans
2024-09-09 09:01,ALDERIDGE COVE,0,Humans
2024-09-09 09:01,TRANDOR,1857,Terminids
2024-09-09 09:01,EAST IRIDIUM TRADING BAY,0,Humans
2024-09-09 09:01,LIBERTY RIDGE,0,Humans
2024-09-09 09:01,BALDRICK PRIME,0,Humans
2024-09-09 09:01,THE WEIR,0,Humans
2024-09-09 09:01,KUPER,0,Humans
2024-09-09 09:01,OSLO STATION,0,Humans
2024-09-09 09:01,PÖPLI IX,0,Humans
2024-09-09 09:01,GUNVALD,0,Humans
2024-09-09 09:01,DOLPH,0,Humans
2024-09-09 09:01,BEKVAM III,0,Humans
2024-09-09 09:01,DUMA TYR,0,Humans
2024-09-09 09:01,VERNEN WELLS,10,Humans
2024-09-09 09:01,AESIR PASS,8,Humans
2024-09-09 09:01,AURORA BAY,0,Automaton
2024-09-09 09:01,PENTA,0,Automaton
2024-09-09 09:01,GAELLIVARE,1276,Automaton
2024-09-09 09:01,VOG-SOJOTH,517,Automaton
2024-09-09 09:01,KIRRIK,0,Humans
2024-09-09 09:01,MORTAX PRIME,0,Humans
2024-09-09 09:01,WILFORD STATION,0,Humans
2024-09-09 09:01,PIONEER II,0,Humans
2024-09-09 09:01,ERSON SANDS,4,Terminids
2024-09-09 09:01,SOCORRO III,1,Humans
2024-09-09 09:01,BORE ROCK,0,Humans
2024-09-09 09:01,FENRIR III,5,Humans
2024-09-09 09:01,TURING,2,Humans
2024-09-09 09:01,ANGEL'S VENTURE,3,Humans
2024-09-09 09:01,DARIUS II,0,Humans
2024-09-09 09:01,ACAMAR IV,5,Humans
2024-09-09 09:01,ACHERNAR SECUNDUS,0,Humans
2024-09-09 09:01,ACHIRD III,0,Humans
2024-09-09 09:01,ACRAB XI,0,Humans
2024-09-09 09:01,ACRUX IX,0,Humans
2024-09-09 09:01,ACUBENS PRIME,0,Humans
2024-09-09 09:01,ADHARA,0,Humans
2024-09-09 09:01,AFOYAY BAY,0,Humans
2024-09-09 09:01,AIN-5,0,Humans
2024-09-09 09:01,ALAIRT III,0,Humans
2024-09-09 09:01,ALAMAK VII,0,Humans
2024-09-09 09:01,ALARAPH,0,Humans
2024-09-09 09:01,ALATHFAR XI,0,Humans
2024-09-09 09:01,ANDAR,0,Humans
2024-09-09 09:01,ASPEROTH PRIME,0,Humans
2024-09-09 09:01,BELLATRIX,0,Humans
2024-09-09 09:01,BOTEIN,0,Humans
2024-09-09 09:01,OSUPSAM,0,Humans
2024-09-09 09:01,BRINK-2,0,Humans
2024-09-09 09:01,BUNDA SECUNDUS,0,Humans
2024-09-09 09:01,CANOPUS,0,Humans
2024-09-09 09:01,CAPH,0,Humans
2024-09-09 09:01,CASTOR,0,Humans
2024-09-09 09:01,DURGEN,0,Humans
2024-09-09 09:01,DRAUPNIR,1,Humans
2024-09-09 09:01,MORT,1,Humans
2024-09-09 09:01,INGMAR,1,Humans
2024-09-09 09:01,CHARBAL-VII,0,Humans
2024-09-09 09:01,CHARON PRIME,0,Humans
2024-09-09 09:01,CHOEPESSA IV,0,Humans
2024-09-09 09:01,CHOOHE,30,Automaton
2024-09-09 09:01,CHORT BAY,0,Automaton
2024-09-09 09:01,CLAORELL,0,Humans
2024-09-09 09:01,CLASA,0,Humans
2024-09-09 09:01,DEMIURG,0,Humans
2024-09-09 09:01,DENEB SECUNDUS,0,Humans
2024-09-09 09:01,ELECTRA BAY,0,Humans
2024-09-09 09:01,ENULIALE,0,Terminids
2024-09-09 09:01,EPSILON PHOENCIS VI,0,Terminids
2024-09-09 09:01,ERATA PRIME,3,Humans
2024-09-09 09:01,ESTANU,5,Humans
2024-09-09 09:01,FORI PRIME,6,Terminids
2024-09-09 09:01,GACRUX,899,Terminids
2024-09-09 09:01,GAR HAREN,0,Humans
2024-09-09 09:01,GATRIA,22,Humans
2024-09-09 09:01,GEMMA,0,Humans
2024-09-09 09:01,GRAND ERRANT,0,Humans
2024-09-09 09:01,HADAR,0,Humans
2024-09-09 09:01,HAKA,0,Humans
2024-09-09 09:01,HALDUS,0,Humans
2024-09-09 09:01,HALIES PORT,0,Humans
2024-09-09 09:01,HERTHON SECUNDUS,0,Humans
2024-09-09 09:01,HESOE PRIME,0,Humans
2024-09-09 09:01,HEZE BAY,0,Humans
2024-09-09 09:01,HORT,0,Humans
2024-09-09 09:01,HYDROBIUS,0,Humans
2024-09-09 09:01,KARLIA,0,Humans
2024-09-09 09:01,KEID,0,Humans
2024-09-09 09:01,KHANDARK,0,Humans
2024-09-09 09:01,KLAKA 5,0,Humans
2024-09-09 09:01,KNETH PORT,0,Humans
2024-09-09 09:01,KRAZ,0,Humans
2024-09-09 09:01,KUMA,0,Humans
2024-09-09 09:01,LASTOFE,0,Humans
2024-09-09 09:01,LENG SECUNDUS,0,Humans
2024-09-09 09:01,LESATH,215,Automaton
2024-09-09 09:01,MAIA,0,Humans
2024-09-09 09:01,MALEVELON CREEK,0,Humans
2024-09-09 09:01,MANTES,0,Humans
2024-09-09 09:01,MARFARK,2,Humans
2024-09-09 09:01,MARTALE,0,Humans
2024-09-09 09:01,MATAR BAY,0,Humans
2024-09-09 09:01,MEISSA,0,Humans
2024-09-09 09:01,MEKBUDA,0,Automaton
2024-09-09 09:01,MENKENT,59,Automaton
2024-09-09 09:01,MERAK,0,Automaton
2024-09-09 09:01,MERGA IV,0,Automaton
2024-09-09 09:01,MINCHIR,0,Humans
2024-09-09 09:01,MINTORIA,0,Humans
2024-09-09 09:01,MORDIA 9,0,Humans
2024-09-09 09:01,NABATEA SECUNDUS,0,Terminids
2024-09-09 09:01,NAVI VII,0,Terminids
2024-09-09 09:01,NIVEL 43,3,Terminids
2024-09-09 09:01,OSHAUNE,2,Terminids
2024-09-09 09:01,OVERGOE PRIME,0,Terminids
2024-09-09 09:01,PANDION-XXIV,2678,Terminids
2024-09-09 09:01,PARTION,526,Terminids
2024-09-09 09:01,PEACOCK,0,Terminids
2024-09-09 09:01,PHACT BAY,31,Humans
2024-09-09 09:01,PHERKAD SECUNDUS,0,Humans
2024-09-09 09:01,POLARIS PRIME,0,Humans
2024-09-09 09:01,POLLUX 31,0,Humans
2024-09-09 09:01,PRASA,0,Humans
2024-09-09 09:01,PROPUS,0,Humans
2024-09-09 09:01,RAS ALGETHI,0,Humans
2024-09-09 09:01,RD-4,0,Humans
2024-09-09 09:01,ROGUE 5,0,Humans
2024-09-09 09:01,RIRGA BAY,0,Humans
2024-09-09 09:01,SEASSE,0,Humans
2024-09-09 09:01,SENGE 23,0,Humans
2024-09-09 09:01,SETIA,0,Humans
2024-09-09 09:01,SHETE,0,Humans
2024-09-09 09:01,SIEMNOT,0,Humans
2024-09-09 09:01,SIRIUS,0,Humans
2024-09-09 09:01,SKAT BAY,0,Humans
2024-09-09 09:01,SPHERION,0,Humans
2024-09-09 09:01,STOR THA PRIME,0,Humans
2024-09-09 09:01,STOUT,0,Humans
2024-09-09 09:01,TERMADON,0,Humans
2024-09-09 09:01,TIBIT,0,Humans
2024-09-09 09:01,TIEN KWAN,0,Humans
2024-09-09 09:01,TROOST,3,Humans
2024-09-09 09:01,UBANEA,0,Humans
2024-09-09 09:01,USTOTU,2,Humans
2024-09-09 09:01,VANDALON IV,2,Humans
2024-09-09 09:01,VARYLIA 5,0,Humans
2024-09-09 09:01,WASAT,0,Humans
2024-09-09 09:01,VEGA BAY,0,Humans
2024-09-09 09:01,WEZEN,3,Humans
2024-09-09 09:01,VINDEMITARIX PRIME,0,Automaton
2024-09-09 09:01,X-45,0,Humans
2024-09-09 09:01,YED PRIOR,0,Humans
2024-09-09 09:01,ZEFIA,0,Humans
2024-09-09 09:01,ZOSMA,0,Humans
2024-09-09 09:01,ZZANIAH PRIME,0,Humans
2024-09-09 09:01,SKITTER,0,Humans
2024-09-09 09:01,EUPHORIA III,0,Humans
2024-09-09 09:01,DIASPORA X,0,Terminids
2024-09-09 09:01,GEMSTONE BLUFFS,0,Terminids
2024-09-09 09:01,ZAGON PRIME,0,Terminids
2024-09-09 09:01,OMICRON,1,Terminids
2024-09-09 09:01,CYBERSTAN,0,Automaton
2024-09-09 11:52,SUPER EARTH,105,Humans
2024-09-09 11:52,KLEN DAHTH II,0,Humans
2024-09-09 11:52,PATHFINDER V,0,Humans
2024-09-09 11:52,WIDOW'S HARBOR,0,Humans
2024-09-09 11:52,NEW HAVEN,0,Humans
2024-09-09 11:52,PILEN V,0,Humans
2024-09-09 11:52,HYDROFALL PRIME,0,Humans
2024-09-09 11:52,ZEA RUGOSIA,0,Humans
2024-09-09 11:52,DARROWSPORT,0,Humans
2024-09-09 11:52,FORNSKOGUR II,0,Humans
2024-09-09 11:52,MIDASBURG,0,Humans
2024-09-09 11:52,CERBERUS IIIc,0,Humans
2024-09-09 11:52,PROSPERITY FALLS,0,Humans
2024-09-09 11:52,OKUL VI,0,Humans
2024-09-09 11:52,MARTYR'S BAY,0,Humans
2024-09-09 11:52,FREEDOM PEAK,0,Humans
2024-09-09 11:52,FORT UNION,0,Humans
2024-09-09 11:52,KELVINOR,0,Humans
2024-09-09 11:52,WRAITH,0,Humans
2024-09-09 11:52,IGLA,0,Humans
2024-09-09 11:52,NEW KIRUNA,0,Humans
2024-09-09 11:52,FORT JUSTICE,0,Humans
2024-09-09 11:52,ZEGEMA PARADISE,0,Humans
2024-09-09 11:52,PROVIDENCE,0,Humans
2024-09-09 11:52,PRIMORDIA,0,Humans
2024-09-09 11:52,SULFURA,0,Humans
2024-09-09 11:52,NUBLARIA I,0,Humans
2024-09-09 11:52,KRAKATWO,0,Humans
2024-09-09 11:52,VOLTERRA,0,Humans
2024-09-09 11:52,CRUCIBLE,0,Humans
2024-09-09 11:52,VEIL,0,Humans
2024-09-09 11:52,MARRE IV,0,Humans
2024-09-09 11:52,FORT SANCTUARY,0,Humans
2024-09-09 11:52,SEYSHEL BEACH,0,Humans
2024-09-09 11:52,HELLMIRE,7,Terminids
2024-09-09 11:52,EFFLUVIA,0,Humans
2024-09-09 11:52,SOLGHAST,0,Humans
2024-09-09 11:52,DILUVIA,0,Humans
2024-09-09 11:52,VIRIDIA PRIME,0,Humans
2024-09-09 11:52,OBARI,0,Humans
2024-09-09 11:52,MYRADESH,0,Humans
2024-09-09 11:52,ATRAMA,0,Humans
2024-09-09 11:52,EMERIA,0,Humans
2024-09-09 11:52,BARABOS,0,Humans
2024-09-09 11:52,FENMIRE,0,Humans
2024-09-09 11:52,MASTIA,356,Automaton
2024-09-09 11:52,SHALLUS,0,Humans
2024-09-09 11:52,KRAKABOS,0,Humans
2024-09-09 11:52,IRIDICA,0,Humans
2024-09-09 11:52,AZTERRA,0,Humans
2024-09-09 11:52,AZUR SECUNDUS,0,Terminids
2024-09-09 11:52,IVIS,0,Humans
2024-09-09 11:52,SLIF,0,Humans
2024-09-09 11:52,CARAMOOR,0,Humans
2024-09-09 11:52,KHARST,0,Humans
2024-09-09 11:52,EUKORIA,0,Humans
2024-09-09 11:52,MYRIUM,0,Humans
2024-09-09 11:52,KERTH SECUNDUS,0,Humans
2024-09-09 11:52,PARSH,0,Humans
2024-09-09 11:52,REAF,0,Humans
2024-09-09 11:52,IRULTA,0,Humans
2024-09-09 11:52,EMORATH,0,Humans
2024-09-09 11:52,ILDUNA PRIME,0,Humans
2024-09-09 11:52,MAW,0,Humans
2024-09-09 11:52,MERIDIA,21,Humans
2024-09-09 11:52,BOREA,0,Humans
2024-09-09 11:52,CURIA,14,Humans
2024-09-09 11:52,TARSH,432,Automaton
2024-09-09 11:52,SHELT,42,Humans
2024-09-09 11:52,IMBER,7857,Humans
2024-09-09 11:52,BLISTICA,0,Humans
2024-09-09 11:52,RATCH,0,Humans
2024-09-09 11:52,JULHEIM,0,Humans
2024-09-09 11:52,VALGAARD,0,Humans
2024-09-09 11:52,ARKTURUS,0,Humans
2024-09-09 11:52,ESKER,12,Humans
2024-09-09 11:52,TERREK,0,Humans
2024-09-09 11:52,CIRRUS,0,Humans
2024-09-09 11:52,CRIMSICA,9,Humans
2024-09-09 11:52,HEETH,0,Humans
2024-09-09 11:52,VELD,1,Humans
2024-09-09 11:52,ALTA V,0,Humans
2024-09-09 11:52,URSICA XI,0,Humans
2024-09-09 11:52,INARI,0,Humans
2024-09-09 11:52,SKAASH,0,Humans
2024-09-09 11:52,MORADESH,0,Humans
2024-09-09 11:52,RASP,0,Humans
2024-09-09 11:52,BASHYR,0,Humans
2024-09-09 11:52,REGNUS,0,Humans
2024-09-09 11:52,MOG,0,Humans
2024-09-09 11:52,VALMOX,0,Humans
2024-09-09 11:52,IRO,0,Humans
2024-09-09 11:52,GRAFMERE,0,Humans
2024-09-09 11:52,NEW STOCKHOLM,0,Humans
2024-09-09 11:52,OASIS,0,Humans
2024-09-09 11:52,GENESIS PRIME,0,Humans
2024-09-09 11:52,OUTPOST 32,0,Humans
2024-09-09 11:52,CALYPSO,0,Humans
2024-09-09 11:52,ELYSIAN MEADOWS,0,Humans
2024-09-09 11:52,ALDERIDGE COVE,0,Humans
2024-09-09 11:52,TRANDOR,1882,Terminids
2024-09-09 11:52,EAST IRIDIUM TRADING BAY,0,Humans
2024-09-09 11:52,LIBERTY RIDGE,0,Humans
2024-09-09 11:52,BALDRICK PRIME,0,Humans
2024-09-09 11:52,THE WEIR,0,Humans
2024-09-09 11:52,KUPER,0,Humans
2024-09-09 11:52,OSLO STATION,0,Humans
2024-09-09 11:52,PÖPLI IX,0,Humans
2024-09-09 11:52,GUNVALD,0,Humans
2024-09-09 11:52,DOLPH,0,Humans
2024-09-09 11:52,BEKVAM III,0,Humans
2024-09-09 11:52,DUMA TYR,0,Humans
2024-09-09 11:52,VERNEN WELLS,9,Humans
2024-09-09 11:52,AESIR PASS,12,Humans
2024-09-09 11:52,AURORA BAY,0,Automaton
2024-09-09 11:52,PENTA,0,Automaton
2024-09-09 11:52,GAELLIVARE,1626,Automaton
2024-09-09 11:52,VOG-SOJOTH,595,Automaton
2024-09-09 11:52,KIRRIK,0,Humans
2024-09-09 11:52,MORTAX PRIME,0,Humans
2024-09-09 11:52,WILFORD STATION,0,Humans
2024-09-09 11:52,PIONEER II,0,Humans
2024-09-09 11:52,ERSON SANDS,20,Terminids
2024-09-09 11:52,SOCORRO III,5,Humans
2024-09-09 11:52,BORE ROCK,1,Humans
2024-09-09 11:52,FENRIR III,20,Humans
2024-09-09 11:52,TURING,4,Humans
2024-09-09 11:52,ANGEL'S VENTURE,1,Humans
2024-09-09 11:52,DARIUS II,0,Humans
2024-09-09 11:52,ACAMAR IV,6,Humans
2024-09-09 11:52,ACHERNAR SECUNDUS,0,Humans
2024-09-09 11:52,ACHIRD III,0,Humans
2024-09-09 11:52,ACRAB XI,0,Humans
2024-09-09 11:52,ACRUX IX,0,Humans
2024-09-09 11:52,ACUBENS PRIME,0,Humans
2024-09-09 11:52,ADHARA,0,Humans
2024-09-09 11:52,AFOYAY BAY,0,Humans
2024-09-09 11:52,AIN-5,0,Humans
2024-09-09 11:52,ALAIRT III,0,Humans
2024-09-09 11:52,ALAMAK VII,0,Humans
2024-09-09 11:52,ALARAPH,0,Humans
2024-09-09 11:52,ALATHFAR XI,0,Humans
2024-09-09 11:52,ANDAR,0,Humans
2024-09-09 11:52,ASPEROTH PRIME,0,Humans
2024-09-09 11:52,BELLATRIX,0,Humans
2024-09-09 11:52,BOTEIN,0,Humans
2024-09-09 11:52,OSUPSAM,0,Humans
2024-09-09 11:52,BRINK-2,0,Humans
2024-09-09 11:52,BUNDA SECUNDUS,0,Humans
2024-09-09 11:52,CANOPUS,0,Humans
2024-09-09 11:52,CAPH,0,Humans
2024-09-09 11:52,CASTOR,0,Humans
2024-09-09 11:52,DURGEN,2,Humans
2024-09-09 11:52,DRAUPNIR,0,Humans
2024-09-09 11:52,MORT,0,Humans
2024-09-09 11:52,INGMAR,2,Humans
2024-09-09 11:52,CHARBAL-VII,0,Humans
2024-09-09 11:52,CHARON PRIME,0,Humans
2024-09-09 11:52,CHOEPESSA IV,0,Humans
2024-09-09 11:52,CHOOHE,88,Automaton
2024-09-09 11:52,CHORT BAY,0,Automaton
2024-09-09 11:52,CLAORELL,0,Humans
2024-09-09 11:52,CLASA,0,Humans
2024-09-09 11:52,DEMIURG,0,Humans
2024-09-09 11:52,DENEB SECUNDUS,0,Humans
2024-09-09 11:52,ELECTRA BAY,0,Humans
2024-09-09 11:52,ENULIALE,0,Terminids
2024-09-09 11:52,EPSILON PHOENCIS VI,0,Terminids
2024-09-09 11:52,ERATA PRIME,6,Humans
2024-09-09 11:52,ESTANU,9,Humans
2024-09-09 11:52,FORI PRIME,6,Terminids
2024-09-09 11:52,GACRUX,1241,Terminids
2024-09-09 11:52,GAR HAREN,0,Humans
2024-09-09 11:52,GATRIA,31,Humans
2024-09-09 11:52,GEMMA,0,Humans
2024-09-09 11:52,GRAND ERRANT,0,Humans
2024-09-09 11:52,HADAR,0,Humans
2024-09-09 11:52,HAKA,0,Humans
2024-09-09 11:52,HALDUS,0,Humans
2024-09-09 11:52,HALIES PORT,0,Humans
2024-09-09 11:52,HERTHON SECUNDUS,0,Humans
2024-09-09 11:52,HESOE PRIME,0,Humans
2024-09-09 11:52,HEZE BAY,0,Humans
2024-09-09 11:52,HORT,0,Humans
2024-09-09 11:52,HYDROBIUS,0,Humans
2024-09-09 11:52,KARLIA,0,Humans
2024-09-09 11:52,KEID,0,Humans
2024-09-09 11:52,KHANDARK,0,Humans
2024-09-09 11:52,KLAKA 5,0,Humans
2024-09-09 11:52,KNETH PORT,0,Humans
2024-09-09 11:52,KRAZ,0,Humans
2024-09-09 11:52,KUMA,0,Humans
2024-09-09 11:52,LASTOFE,0,Humans
2024-09-09 11:52,LENG SECUNDUS,0,Humans
2024-09-09 11:52,LESATH,278,Automaton
2024-09-09 11:52,MAIA,1,Humans
2024-09-09 11:52,MALEVELON CREEK,0,Humans
2024-09-09 11:52,MANTES,0,Humans
2024-09-09 11:52,MARFARK,5,Humans
2024-09-09 11:52,MARTALE,0,Humans
2024-09-09 11:52,MATAR BAY,2,Humans
2024-09-09 11:52,MEISSA,0,Humans
2024-09-09 11:52,MEKBUDA,0,Automaton
2024-09-09 11:52,MENKENT,71,Automaton
2024-09-09 11:52,MERAK,0,Automaton
2024-09-09 11:52,MERGA IV,0,Automaton
2024-09-09 11:52,MINCHIR,0,Humans
2024-09-09 11:52,MINTORIA,0,Humans
2024-09-09 11:52,MORDIA 9,0,Humans
2024-09-09 11:52,NABATEA SECUNDUS,0,Terminids
2024-09-09 11:52,NAVI VII,0,Terminids
2024-09-09 11:52,NIVEL 43,9,Terminids
2024-09-09 11:52,OSHAUNE,0,Terminids
2024-09-09 11:52,OVERGOE PRIME,0,Terminids
2024-09-09 11:52,PANDION-XXIV,2789,Terminids
2024-09-09 11:52,PARTION,620,Terminids
2024-09-09 11:52,PEACOCK,0,Terminids
2024-09-09 11:52,PHACT BAY,44,Humans
2024-09-09 11:52,PHERKAD SECUNDUS,0,Humans
2024-09-09 11:52,POLARIS PRIME,0,Humans
2024-09-09 11:52,POLLUX 31,0,Humans
2024-09-09 11:52,PRASA,0,Humans
2024-09-09 11:52,PROPUS,0,Humans
2024-09-09 11:52,RAS ALGETHI,0,Humans
2024-09-09 11:52,RD-4,0,Humans
2024-09-09 11:52,ROGUE 5,0,Humans
2024-09-09 11:52,RIRGA BAY,0,Humans
2024-09-09 11:52,SEASSE,0,Humans
2024-09-09 11:52,SENGE 23,0,Humans
2024-09-09 11:52,SETIA,0,Humans
2024-09-09 11:52,SHETE,0,Humans
2024-09-09 11:52,SIEMNOT,0,Humans
2024-09-09 11:52,SIRIUS,0,Humans
2024-09-09 11:52,SKAT BAY,0,Humans
2024-09-09 11:52,SPHERION,0,Humans
2024-09-09 11:52,STOR THA PRIME,0,Humans
2024-09-09 11:52,STOUT,0,Humans
2024-09-09 11:52,TERMADON,0,Humans
2024-09-09 11:52,TIBIT,1,Humans
2024-09-09 11:52,TIEN KWAN,0,Humans
2024-09-09 11:52,TROOST,3,Humans
2024-09-09 11:52,UBANEA,1,Humans
2024-09-09 11:52,USTOTU,0,Humans
2024-09-09 11:52,VANDALON IV,3,Humans
2024-09-09 11:52,VARYLIA 5,0,Humans
2024-09-09 11:52,WASAT,0,Humans
2024-09-09 11:52,VEGA BAY,0,Humans
2024-09-09 11:52,WEZEN,1,Humans
2024-09-09 11:52,VINDEMITARIX PRIME,0,Automaton
2024-09-09 11:52,X-45,1,Humans
2024-09-09 11:52,YED PRIOR,0,Humans
2024-09-09 11:52,ZEFIA,0,Humans
2024-09-09 11:52,ZOSMA,0,Humans
2024-09-09 11:52,ZZANIAH PRIME,0,Humans
2024-09-09 11:52,SKITTER,0,Humans
2024-09-09 11:52,EUPHORIA III,0,Humans
2024-09-09 11:52,DIASPORA X,0,Terminids
2024-09-09 11:52,GEMSTONE BLUFFS,0,Terminids
2024-09-09 11:52,ZAGON PRIME,0,Terminids
2024-09-09 11:52,OMICRON,0,Terminids
2024-09-09 11:52,CYBERSTAN,0,Automaton
2024-09-20 16:48,SUPER EARTH,381,Humans
2024-09-20 16:48,KLEN DAHTH II,0,Humans
2024-09-20 16:48,PATHFINDER V,0,Humans
2024-09-20 16:48,WIDOW'S HARBOR,0,Humans
2024-09-20 16:48,NEW HAVEN,0,Humans
2024-09-20 16:48,PILEN V,0,Humans
2024-09-20 16:48,HYDROFALL PRIME,0,Humans
2024-09-20 16:48,ZEA RUGOSIA,0,Humans
2024-09-20 16:48,DARROWSPORT,0,Humans
2024-09-20 16:48,FORNSKOGUR II,0,Humans
2024-09-20 16:48,MIDASBURG,0,Humans
2024-09-20 16:48,CERBERUS IIIc,0,Humans
2024-09-20 16:48,PROSPERITY FALLS,0,Humans
2024-09-20 16:48,OKUL VI,0,Humans
2024-09-20 16:48,MARTYR'S BAY,0,Humans
2024-09-20 16:48,FREEDOM PEAK,0,Humans
2024-09-20 16:48,FORT UNION,0,Humans
2024-09-20 16:48,KELVINOR,0,Humans
2024-09-20 16:48,WRAITH,0,Humans
2024-09-20 16:48,IGLA,0,Humans
2024-09-20 16:48,NEW KIRUNA,0,Humans
2024-09-20 16:48,FORT JUSTICE,0,Humans
2024-09-20 16:48,ZEGEMA PARADISE,0,Humans
2024-09-20 16:48,PROVIDENCE,0,Humans
2024-09-20 16:48,PRIMORDIA,0,Humans
2024-09-20 16:48,SULFURA,0,Humans
2024-09-20 16:48,NUBLARIA I,0,Humans
2024-09-20 16:48,KRAKATWO,0,Humans
2024-09-20 16:48,VOLTERRA,0,Humans
2024-09-20 16:48,CRUCIBLE,0,Humans
2024-09-20 16:48,VEIL,0,Humans
2024-09-20 16:48,MARRE IV,0,Humans
2024-09-20 16:48,FORT SANCTUARY,0,Humans
2024-09-20 16:48,SEYSHEL BEACH,0,Humans
2024-09-20 16:48,HELLMIRE,21,Terminids
2024-09-20 16:48,EFFLUVIA,0,Humans
2024-09-20 16:48,SOLGHAST,0,Humans
2024-09-20 16:48,DILUVIA,0,Humans
2024-09-20 16:48,VIRIDIA PRIME,0,Humans
2024-09-20 16:48,OBARI,0,Humans
2024-09-20 16:48,MYRADESH,0,Humans
2024-09-20 16:48,ATRAMA,0,Humans
2024-09-20 16:48,EMERIA,0,Humans
2024-09-20 16:48,BARABOS,0,Humans
2024-09-20 16:48,FENMIRE,0,Humans
2024-09-20 16:48,MASTIA,32,Humans
2024-09-20 16:48,SHALLUS,2,Humans
2024-09-20 16:48,KRAKABOS,0,Humans
2024-09-20 16:48,IRIDICA,0,Humans
2024-09-20 16:48,AZTERRA,0,Humans
2024-09-20 16:48,AZUR SECUNDUS,0,Terminids
2024-09-20 16:48,IVIS,0,Humans
2024-09-20 16:48,SLIF,0,Humans
2024-09-20 16:48,CARAMOOR,0,Humans
2024-09-20 16:48,KHARST,0,Humans
2024-09-20 16:48,EUKORIA,0,Humans
2024-09-20 16:48,MYRIUM,0,Humans
2024-09-20 16:48,KERTH SECUNDUS,0,Humans
2024-09-20 16:48,PARSH,0,Humans
2024-09-20 16:48,REAF,0,Humans
2024-09-20 16:48,IRULTA,0,Humans
2024-09-20 16:48,EMORATH,0,Humans
2024-09-20 16:48,ILDUNA PRIME,0,Humans
2024-09-20 16:48,MAW,0,Humans
2024-09-20 16:48,MERIDIA,85,Humans
2024-09-20 16:48,BOREA,0,Humans
2024-09-20 16:48,CURIA,12,Humans
2024-09-20 16:48,TARSH,48,Humans
2024-09-20 16:48,SHELT,14,Humans
2024-09-20 16:48,IMBER,7,Humans
2024-09-20 16:48,BLISTICA,0,Humans
2024-09-20 16:48,RATCH,0,Humans
2024-09-20 16:48,JULHEIM,0,Humans
2024-09-20 16:48,VALGAARD,0,Humans
2024-09-20 16:48,ARKTURUS,0,Humans
2024-09-20 16:48,ESKER,21,Humans
2024-09-20 16:48,TERREK,0,Humans
2024-09-20 16:48,CIRRUS,2,Humans
2024-09-20 16:48,CRIMSICA,47,Humans
2024-09-20 16:48,HEETH,8,Humans
2024-09-20 16:48,VELD,8,Humans
2024-09-20 16:48,ALTA V,0,Humans
2024-09-20 16:48,URSICA XI,0,Humans
2024-09-20 16:48,INARI,0,Humans
2024-09-20 16:48,SKAASH,0,Humans
2024-09-20 16:48,MORADESH,0,Humans
2024-09-20 16:48,RASP,0,Humans
2024-09-20 16:48,BASHYR,0,Humans
2024-09-20 16:48,REGNUS,0,Humans
2024-09-20 16:48,MOG,0,Humans
2024-09-20 16:48,VALMOX,0,Humans
2024-09-20 16:48,IRO,0,Humans
2024-09-20 16:48,GRAFMERE,0,Humans
2024-09-20 16:48,NEW STOCKHOLM,0,Humans
2024-09-20 16:48,OASIS,0,Humans
2024-09-20 16:48,GENESIS PRIME,0,Humans
2024-09-20 16:48,OUTPOST 32,0,Humans
2024-09-20 16:48,CALYPSO,0,Humans
2024-09-20 16:48,ELYSIAN MEADOWS,0,Humans
2024-09-20 16:48,ALDERIDGE COVE,0,Humans
2024-09-20 16:48,TRANDOR,26157,Terminids
2024-09-20 16:48,EAST IRIDIUM TRADING BAY,0,Humans
2024-09-20 16:48,LIBERTY RIDGE,0,Humans
2024-09-20 16:48,BALDRICK PRIME,0,Humans
2024-09-20 16:48,THE WEIR,0,Humans
2024-09-20 16:48,KUPER,0,Humans
2024-09-20 16:48,OSLO STATION,0,Humans
2024-09-20 16:48,PÖPLI IX,1,Humans
2024-09-20 16:48,GUNVALD,0,Humans
2024-09-20 16:48,DOLPH,0,Humans
2024-09-20 16:48,BEKVAM III,0,Humans
2024-09-20 16:48,DUMA TYR,0,Humans
2024-09-20 16:48,VERNEN WELLS,31,Humans
2024-09-20 16:48,AESIR PASS,27,Humans
2024-09-20 16:48,AURORA BAY,0,Automaton
2024-09-20 16:48,PENTA,7,Automaton
2024-09-20 16:48,GAELLIVARE,6346,Automaton
2024-09-20 16:48,VOG-SOJOTH,36,Automaton
2024-09-20 16:48,KIRRIK,0,Humans
2024-09-20 16:48,MORTAX PRIME,0,Humans
2024-09-20 16:48,WILFORD STATION,0,Humans
2024-09-20 16:48,PIONEER II,0,Humans
2024-09-20 16:48,ERSON SANDS,31,Terminids
2024-09-20 16:48,SOCORRO III,19,Humans
2024-09-20 16:48,BORE ROCK,8,Humans
2024-09-20 16:48,FENRIR III,29,Humans
2024-09-20 16:48,TURING,8,Humans
2024-09-20 16:48,ANGEL'S VENTURE,5,Humans
2024-09-20 16:48,DARIUS II,0,Humans
2024-09-20 16:48,ACAMAR IV,28,Humans
2024-09-20 16:48,ACHERNAR SECUNDUS,0,Humans
2024-09-20 16:48,ACHIRD III,0,Humans
2024-09-20 16:48,ACRAB XI,0,Humans
2024-09-20 16:48,ACRUX IX,0,Humans
2024-09-20 16:48,ACUBENS PRIME,0,Humans
2024-09-20 16:48,ADHARA,0,Humans
2024-09-20 16:48,AFOYAY BAY,0,Humans
2024-09-20 16:48,AIN-5,0,Humans
2024-09-20 16:48,ALAIRT III,0,Humans
2024-09-20 16:48,ALAMAK VII,0,Humans
2024-09-20 16:48,ALARAPH,0,Humans
2024-09-20 16:48,ALATHFAR XI,0,Humans
2024-09-20 16:48,ANDAR,0,Humans
2024-09-20 16:48,ASPEROTH PRIME,0,Humans
2024-09-20 16:48,BELLATRIX,0,Humans
2024-09-20 16:48,BOTEIN,0,Humans
2024-09-20 16:48,OSUPSAM,0,Humans
2024-09-20 16:48,BRINK-2,0,Humans
2024-09-20 16:48,BUNDA SECUNDUS,0,Humans
2024-09-20 16:48,CANOPUS,0,Humans
2024-09-20 16:48,CAPH,0,Humans
2024-09-20 16:48,CASTOR,0,Humans
2024-09-20 16:48,DURGEN,3,Humans
2024-09-20 16:48,DRAUPNIR,4,Humans
2024-09-20 16:48,MORT,1,Humans
2024-09-20 16:48,INGMAR,0,Humans
2024-09-20 16:48,CHARBAL-VII,2,Humans
2024-09-20 16:48,CHARON PRIME,2,Humans
2024-09-20 16:48,CHOEPESSA IV,7,Humans
2024-09-20 16:48,CHOOHE,627,Automaton
2024-09-20 16:48,CHORT BAY,2,Automaton
2024-09-20 16:48,CLAORELL,11243,Automaton
2024-09-20 16:48,CLASA,1404,Automaton
2024-09-20 16:48,DEMIURG,0,Humans
2024-09-20 16:48,DENEB SECUNDUS,0,Humans
2024-09-20 16:48,ELECTRA BAY,0,Humans
2024-09-20 16:48,ENULIALE,0,Terminids
2024-09-20 16:48,EPSILON PHOENCIS VI,0,Terminids
2024-09-20 16:48,ERATA PRIME,13,Humans
2024-09-20 16:48,ESTANU,47,Humans
2024-09-20 16:48,FORI PRIME,25,Terminids
2024-09-20 16:48,GACRUX,6961,Terminids
2024-09-20 16:48,GAR HAREN,0,Humans
2024-09-20 16:48,GATRIA,126,Humans
2024-09-20 16:48,GEMMA,0,Humans
2024-09-20 16:48,GRAND ERRANT,0,Humans
2024-09-20 16:48,HADAR,0,Humans
2024-09-20 16:48,HAKA,0,Humans
2024-09-20 16:48,HALDUS,0,Humans
2024-09-20 16:48,HALIES PORT,0,Humans
2024-09-20 16:48,HERTHON SECUNDUS,0,Humans
2024-09-20 16:48,HESOE PRIME,0,Humans
2024-09-20 16:48,HEZE BAY,0,Humans
2024-09-20 16:48,HORT,0,Humans
2024-09-20 16:48,HYDROBIUS,0,Humans
2024-09-20 16:48,KARLIA,0,Humans
2024-09-20 16:48,KEID,0,Humans
2024-09-20 16:48,KHANDARK,0,Humans
2024-09-20 16:48,KLAKA 5,0,Humans
2024-09-20 16:48,KNETH PORT,0,Humans
2024-09-20 16:48,KRAZ,0,Humans
2024-09-20 16:48,KUMA,0,Humans
2024-09-20 16:48,LASTOFE,0,Humans
2024-09-20 16:48,LENG SECUNDUS,0,Humans
2024-09-20 16:48,LESATH,2229,Automaton
2024-09-20 16:48,MAIA,0,Humans
2024-09-20 16:48,MALEVELON CREEK,4,Humans
2024-09-20 16:48,MANTES,1,Humans
2024-09-20 16:48,MARFARK,10,Humans
2024-09-20 16:48,MARTALE,6,Humans
2024-09-20 16:48,MATAR BAY,8,Humans
2024-09-20 16:48,MEISSA,5,Humans
2024-09-20 16:48,MEKBUDA,0,Automaton
2024-09-20 16:48,MENKENT,638,Automaton
2024-09-20 16:48,MERAK,1,Automaton
2024-09-20 16:48,MERGA IV,0,Automaton
2024-09-20 16:48,MINCHIR,0,Humans
2024-09-20 16:48,MINTORIA,0,Humans
2024-09-20 16:48,MORDIA 9,0,Humans
2024-09-20 16:48,NABATEA SECUNDUS,0,Terminids
2024-09-20 16:48,NAVI VII,0,Terminids
2024-09-20 16:48,NIVEL 43,26,Terminids
2024-09-20 16:48,OSHAUNE,8,Terminids
2024-09-20 16:48,OVERGOE PRIME,0,Terminids
2024-09-20 16:48,PANDION-XXIV,15091,Terminids
2024-09-20 16:48,PARTION,3222,Terminids
2024-09-20 16:48,PEACOCK,0,Terminids
2024-09-20 16:48,PHACT BAY,24,Humans
2024-09-20 16:48,PHERKAD SECUNDUS,0,Humans
2024-09-20 16:48,POLARIS PRIME,0,Humans
2024-09-20 16:48,POLLUX 31,0,Humans
2024-09-20 16:48,PRASA,0,Humans
2024-09-20 16:48,PROPUS,0,Humans
2024-09-20 16:48,RAS ALGETHI,0,Humans
2024-09-20 16:48,RD-4,0,Humans
2024-09-20 16:48,ROGUE 5,0,Humans
2024-09-20 16:48,RIRGA BAY,0,Humans
2024-09-20 16:48,SEASSE,0,Humans
2024-09-20 16:48,SENGE 23,0,Humans
2024-09-20 16:48,SETIA,0,Humans
2024-09-20 16:48,SHETE,0,Humans
2024-09-20 16:48,SIEMNOT,0,Humans
2024-09-20 16:48,SIRIUS,0,Humans
2024-09-20 16:48,SKAT BAY,0,Humans
2024-09-20 16:48,SPHERION,0,Humans
2024-09-20 16:48,STOR THA PRIME,0,Humans
2024-09-20 16:48,STOUT,0,Humans
2024-09-20 16:48,TERMADON,0,Humans
2024-09-20 16:48,TIBIT,2,Humans
2024-09-20 16:48,TIEN KWAN,1,Humans
2024-09-20 16:48,TROOST,6,Humans
2024-09-20 16:48,UBANEA,2,Humans
2024-09-20 16:48,USTOTU,1,Humans
2024-09-20 16:48,VANDALON IV,24,Humans
2024-09-20 16:48,VARYLIA 5,10,Humans
2024-09-20 16:48,WASAT,2,Humans
2024-09-20 16:48,VEGA BAY,5,Humans
2024-09-20 16:48,WEZEN,3,Humans
2024-09-20 16:48,VINDEMITARIX PRIME,0,Automaton
2024-09-20 16:48,X-45,5,Humans
2024-09-20 16:48,YED PRIOR,0,Humans
2024-09-20 16:48,ZEFIA,0,Humans
2024-09-20 16:48,ZOSMA,0,Humans
2024-09-20 16:48,ZZANIAH PRIME,0,Humans
2024-09-20 16:48,SKITTER,0,Humans
2024-09-20 16:48,EUPHORIA III,0,Humans
2024-09-20 16:48,DIASPORA X,0,Terminids
2024-09-20 16:48,GEMSTONE BLUFFS,0,Terminids
2024-09-20 16:48,ZAGON PRIME,0,Terminids
2024-09-20 16:48,OMICRON,3,Terminids
2024-09-20 16:48,CYBERSTAN,0,Automaton
